bus,2018-08-12 00:00:00-05:00,2018-08-12 01:00:00-05:00,2018-08-12 02:00:00-05:00,2018-08-12 03:00:00-05:00,2018-08-12 04:00:00-05:00,2018-08-12 05:00:00-05:00,2018-08-12 06:00:00-05:00,2018-08-12 07:00:00-05:00,2018-08-12 08:00:00-05:00,2018-08-12 09:00:00-05:00,2018-08-12 10:00:00-05:00,2018-08-12 11:00:00-05:00,2018-08-12 12:00:00-05:00,2018-08-12 13:00:00-05:00,2018-08-12 14:00:00-05:00,2018-08-12 15:00:00-05:00,2018-08-12 16:00:00-05:00,2018-08-12 17:00:00-05:00,2018-08-12 18:00:00-05:00,2018-08-12 19:00:00-05:00,2018-08-12 20:00:00-05:00,2018-08-12 21:00:00-05:00,2018-08-12 22:00:00-05:00,2018-08-12 23:00:00-05:00
1,15.7014,14.4658,13.6155,13.1381,13.1089,13.8865,15.3513,16.3542,17.1494,16.9305,16.5762,16.9139,17.5557,18.9136,20.4511,22.1104,23.644,25.2563,26.2254,26.2471,25.5498,24.5912,22.2813,19.6175
2,7.1192,6.6493,6.3183,6.1328,6.1149,6.4104,7.0012,7.427,7.771,7.8272,7.8023,8.0074,8.3196,8.8665,9.4866,10.125,10.6799,11.2188,11.4781,11.3906,11.0624,10.6299,9.6931,8.6462
3,22.0957,19.861,18.3643,17.5224,17.5068,18.9151,21.3796,22.9495,24.1597,22.9973,21.7523,21.9421,22.7292,25.0181,27.605,30.5664,33.4965,36.8207,39.1744,39.7402,38.8249,37.4644,33.606,28.9735
4,17.9732,16.4937,15.4809,14.9121,14.882,15.8134,17.5432,18.712,19.6342,19.2713,18.7676,19.1167,19.8362,21.4402,23.2558,25.2375,27.0945,29.0788,30.3182,30.4135,29.6239,28.5251,25.8011,22.6357
5,0.0,0.0,0.0,0.0,0.0,0.0,0.0,0.0,0.0,0.0,0.0,0.0,0.0,0.0,0.0,0.0,0.0,0.0,0.0,0.0,0.0,0.0,0.0,0.0
6,8.4297,7.9038,7.5304,7.3213,7.2985,7.629,8.3037,8.7982,9.1999,9.319,9.3355,9.5959,9.9727,10.597,11.3052,12.0225,12.632,13.2052,13.4513,13.3147,12.922,12.4106,11.3388,10.1536
7,30.767,27.7611,25.7412,24.6052,24.578,26.472,29.8175,31.9697,33.6354,32.1992,30.625,30.9501,32.0709,35.1774,38.6892,42.679,46.5942,50.9977,54.0638,54.7374,53.4487,51.5568,46.314,40.0522
8,11.6008,10.7975,10.2356,9.9205,9.8932,10.3984,11.3916,12.0975,12.6649,12.6919,12.595,12.9076,13.4076,14.3273,15.3697,16.4572,17.4197,18.3777,18.8749,18.7728,18.2429,17.5372,15.9649,14.1922
9,2.1196,1.878,1.718,1.6279,1.6278,1.7801,2.0386,2.198,2.319,2.1607,2.0004,2.0029,2.072,2.3123,2.5837,2.9021,3.2255,3.6023,3.8823,3.966,3.8818,3.7506,3.3472,2.8543
10,10.3971,9.1147,8.2709,7.7955,7.8001,8.6088,9.9561,10.7687,11.3805,10.436,9.5029,9.4593,9.7756,11.0286,12.4428,14.1278,15.8657,17.9211,19.4893,20.0045,19.6045,18.959,16.8606,14.2695
11,20.479,19.3821,18.5844,18.1382,18.0735,18.7621,20.2544,21.3977,22.3403,22.9411,23.2534,23.9901,24.9478,26.3267,27.8928,29.407,30.6064,31.6141,31.851,31.3241,30.346,29.1078,26.7256,24.1685
12,0.0,0.0,0.0,0.0,0.0,0.0,0.0,0.0,0.0,0.0,0.0,0.0,0.0,0.0,0.0,0.0,0.0,0.0,0.0,0.0,0.0,0.0,0.0,0.0
13,0.0,0.0,0.0,0.0,0.0,0.0,0.0,0.0,0.0,0.0,0.0,0.0,0.0,0.0,0.0,0.0,0.0,0.0,0.0,0.0,0.0,0.0,0.0,0.0
14,1.4359,1.3307,1.2576,1.2166,1.2135,1.2797,1.4074,1.4966,1.5679,1.5613,1.5405,1.5759,1.6364,1.7547,1.8886,2.0306,2.1588,2.2897,2.3628,2.3564,2.2916,2.2041,2.0024,1.7726
15,0.0,0.0,0.0,0.0,0.0,0.0,0.0,0.0,0.0,0.0,0.0,0.0,0.0,0.0,0.0,0.0,0.0,0.0,0.0,0.0,0.0,0.0,0.0,0.0
16,3.3836,3.0353,2.8024,2.6714,2.6693,2.8888,3.2712,3.5136,3.7,3.5115,3.3116,3.3371,3.4562,3.8114,4.2128,4.674,5.1322,5.6543,6.027,6.1203,5.9809,5.7724,5.1741,4.4538
17,0.0,0.0,0.0,0.0,0.0,0.0,0.0,0.0,0.0,0.0,0.0,0.0,0.0,0.0,0.0,0.0,0.0,0.0,0.0,0.0,0.0,0.0,0.0,0.0
18,7.3361,6.8573,6.5196,6.3304,6.3116,6.6126,7.2169,7.654,8.0074,8.0748,8.0575,8.272,8.5949,9.1543,9.7886,10.4394,11.0026,11.5463,11.8024,11.7063,11.3674,10.9218,9.9633,8.8943
19,9.9104,9.1403,8.6096,8.3116,8.2927,8.7773,9.6939,10.3237,10.8238,10.7025,10.4937,10.7125,11.1199,11.9695,12.9316,13.9665,14.9192,15.9159,16.508,16.5111,16.0697,15.4649,14.0189,12.3551
20,18.0006,16.5096,15.4897,14.9169,14.8872,15.8259,17.5658,18.7393,19.6647,19.2853,18.7669,19.1112,19.8296,21.4432,23.2694,25.2658,27.14,29.1469,30.4067,30.5121,29.7225,28.6218,25.8823,22.6956
21,30.8417,28.8916,27.5098,26.7356,26.6536,27.8793,30.3691,32.1864,33.6608,34.052,34.0735,35.0113,36.3838,38.6877,41.3007,43.9579,46.2282,48.3805,49.3324,48.8608,47.4274,45.5556,41.6027,37.22
22,25.9413,24.0115,22.6742,21.9237,21.8696,23.0838,25.4133,27.0345,28.3278,28.1582,27.7407,28.3628,29.4494,31.6079,34.0529,36.6534,39.0136,41.44,42.8185,42.7341,41.5671,39.986,36.3063,32.1041
23,20.0917,18.8675,17.9954,17.507,17.4511,18.2203,19.8046,20.9737,21.9257,22.2603,22.3439,22.9815,23.8865,25.3521,27.0148,28.6873,30.0942,31.3978,31.9255,31.5682,30.6284,29.4101,26.8917,24.1192
24,8.4254,7.7948,7.3581,7.1131,7.0957,7.4925,8.2522,8.78,9.2007,9.139,8.9976,9.1975,9.5495,10.2535,11.0508,11.9003,12.6729,13.4691,13.9245,13.9012,13.5227,13.0091,11.8093,10.4376
25,1.5063,1.4296,1.3733,1.3419,1.3369,1.385,1.4916,1.5744,1.643,1.694,1.723,1.7795,1.8508,1.9492,2.061,2.1674,2.2494,2.3151,2.3245,2.2815,2.209,2.118,1.9477,1.7667
26,15.2611,14.3657,13.7241,13.365,13.3207,13.8832,15.0586,15.9356,16.6523,16.9658,17.0812,17.5854,18.2808,19.3678,20.6013,21.8282,22.8433,23.7601,24.0921,23.7836,23.0651,22.1405,20.2699,18.2253
27,20.2694,20.0534,19.79,19.6467,19.5378,19.6689,20.4391,21.2925,22.0656,24.1582,25.7759,27.0057,28.1573,28.8593,29.6671,30.0675,29.9012,29.048,27.5466,26.0868,25.003,23.7976,22.5056,21.5245
28,34.9139,32.8981,31.45,30.6394,30.5366,31.8027,34.4653,36.4612,38.095,38.8683,39.1813,40.3534,41.952,44.4139,47.2083,49.9739,52.2455,54.2737,54.9684,54.2274,52.5793,50.4648,46.2251,41.6057
29,16.4062,15.6363,15.0631,14.743,14.6855,15.1683,16.2753,17.1565,17.8916,18.5604,18.9743,19.6272,20.4199,21.4416,22.6034,23.679,24.4705,25.0462,25.0187,24.4792,23.6812,22.6917,20.9167,19.062
30,9.6966,9.0651,8.6195,8.3699,8.345,8.742,9.5397,10.117,10.5839,10.6752,10.6543,10.9386,11.3658,12.1041,12.9414,13.8,14.5424,15.2582,15.5941,15.4656,15.0175,14.4285,13.1632,11.7526
31,13.564,12.7322,12.1401,11.8085,11.7711,12.2938,13.3678,14.1588,14.8025,15.019,15.0673,15.4946,16.1042,17.0978,18.225,19.361,20.3193,21.211,21.5781,21.3428,20.709,19.8864,18.1796,16.2981
32,46.0299,45.2319,44.4477,44.0169,43.7854,44.2777,46.2767,48.3131,50.1254,54.3477,57.5587,60.1744,62.7174,64.546,66.6429,67.9406,68.0415,66.7584,63.9626,60.9794,58.559,55.8146,52.5036,49.7276
33,14.6204,14.2971,14.0058,13.845,13.7751,13.9757,14.6673,15.3365,15.925,17.1459,18.0607,18.8513,19.6427,20.2767,21.0024,21.5027,21.6434,21.3844,20.6357,19.7635,19.004,18.1307,16.9935,15.9873
34,61.4065,60.8432,60.1003,59.6976,59.3629,59.7024,61.9616,64.5179,66.8435,73.3398,78.3779,82.156,85.666,87.7233,90.0927,91.1909,90.5451,87.7666,83.0362,78.5155,75.2198,71.5703,67.7676,64.9577
35,5.2392,4.6748,4.299,4.0875,4.0856,4.4414,5.0538,5.4372,5.7305,5.3953,5.0481,5.0731,5.2517,5.8208,6.4637,7.2096,7.9581,8.8199,9.4471,9.6185,9.4061,9.0827,8.1255,6.9654
36,1.2269,1.1207,1.0485,1.0079,1.0061,1.073,1.1952,1.2766,1.3405,1.3069,1.2648,1.2857,1.3336,1.447,1.5753,1.7171,1.8518,1.9981,2.093,2.105,2.0518,1.9767,1.7844,1.5592
37,28.4111,26.0952,24.508,23.6167,23.5679,25.0258,27.7415,29.5819,31.0355,30.5012,29.7393,30.3042,31.4469,33.9651,36.8156,39.9193,42.8191,45.9071,47.8208,47.9467,46.6955,44.9592,40.6812,35.7182
38,1.4009,1.2082,1.0824,1.0116,1.0132,1.1348,1.3325,1.4484,1.5345,1.3729,1.2172,1.1999,1.2378,1.4218,1.6294,1.8816,2.1467,2.466,2.7171,2.808,2.7568,2.6693,2.3622,1.9776
39,27.5354,25.4664,24.0344,23.2308,23.1745,24.4763,26.9656,28.693,30.0696,29.8541,29.38,30.0285,31.1771,33.4839,36.0966,38.883,41.4202,44.0394,45.5437,45.4763,44.2403,42.5616,38.6306,34.1335
40,6.6065,6.1517,5.8332,5.6547,5.639,5.9251,6.4886,6.8897,7.2124,7.2322,7.181,7.3605,7.6458,8.1676,8.759,9.3751,9.9192,10.4592,10.7372,10.6762,10.3741,9.9723,9.0801,8.0751
41,0.0,0.0,0.0,0.0,0.0,0.0,0.0,0.0,0.0,0.0,0.0,0.0,0.0,0.0,0.0,0.0,0.0,0.0,0.0,0.0,0.0,0.0,0.0,0.0
42,0.0,0.0,0.0,0.0,0.0,0.0,0.0,0.0,0.0,0.0,0.0,0.0,0.0,0.0,0.0,0.0,0.0,0.0,0.0,0.0,0.0,0.0,0.0,0.0
43,9.7402,9.0127,8.5089,8.2261,8.2059,8.6637,9.5407,10.1503,10.6364,10.5678,10.4067,10.6386,11.0459,11.8586,12.779,13.7591,14.6498,15.567,16.0903,16.0617,15.6239,15.0302,13.6451,12.0621
44,8.9772,8.3945,7.9832,7.7527,7.7296,8.0959,8.8328,9.3666,9.7986,9.8865,9.87,10.1343,10.5303,11.2124,11.9858,12.7783,13.4626,14.1212,14.4283,14.3073,13.8921,13.3469,12.1778,10.8753
45,26.0479,24.6983,23.7112,23.1594,23.0748,23.9217,25.7827,27.2224,28.413,29.2557,29.7215,30.6847,31.9135,33.6327,35.5857,37.4541,38.9087,40.0935,40.3037,39.5844,38.3343,36.7604,33.7863,30.615
46,3.3616,2.9655,2.7039,2.5565,2.5571,2.8068,3.2273,3.4842,3.6786,3.4051,3.1313,3.1278,3.2344,3.6254,4.0669,4.5883,5.1214,5.7465,6.2166,6.3632,6.2314,6.0231,5.3674,4.5626
47,54.694,50.6316,47.8157,46.2357,46.1213,48.6773,53.5836,56.9997,59.7253,59.3786,58.5077,59.823,62.1155,66.6616,71.8111,77.2861,82.2525,87.3548,90.2485,90.0639,87.6025,84.2691,76.5187,67.67
48,0.0,0.0,0.0,0.0,0.0,0.0,0.0,0.0,0.0,0.0,0.0,0.0,0.0,0.0,0.0,0.0,0.0,0.0,0.0,0.0,0.0,0.0,0.0,0.0
49,14.5797,13.9688,13.5038,13.2445,13.1897,13.5723,14.4965,15.2561,15.8959,16.6165,17.0947,17.7171,18.4387,19.2908,20.2606,21.1239,21.7132,22.0688,21.898,21.3394,20.6204,19.7428,18.2553,16.7378
50,9.8888,9.4317,9.0904,8.8999,8.8649,9.1515,9.8131,10.342,10.7838,11.1989,11.4588,11.8563,12.3358,12.9463,13.6406,14.2802,14.7464,15.0787,15.0482,14.7155,14.2336,13.6373,12.576,11.4705
51,4.5993,4.0648,3.7113,3.5122,3.5126,3.8496,4.419,4.768,5.0327,4.6712,4.3076,4.3072,4.4548,4.9841,5.5818,6.2859,7.0038,7.8434,8.4718,8.6644,8.4831,8.1983,7.3102,6.2222
52,18.7748,17.7328,16.9794,16.558,16.5005,17.1548,18.5525,19.6124,20.4833,20.9713,21.2028,21.8572,22.7267,24.0186,25.4855,26.9197,28.076,29.0774,29.3672,28.9235,28.0316,26.8956,24.667,22.2577
53,13.9899,12.59,11.6515,11.1236,11.1129,11.9951,13.5433,14.5325,15.296,14.5858,13.8202,13.9489,14.4508,15.8886,17.5137,19.3698,21.2016,23.2744,24.7348,25.0768,24.4953,23.6342,21.2097,18.3033
54,28.7687,27.0743,25.8609,25.1816,25.0986,26.163,28.384,30.0393,31.3916,31.9714,32.1791,33.1257,34.4351,36.4891,38.8201,41.1411,43.0648,44.8069,45.4459,44.8713,43.5178,41.7747,38.2403,34.3745
55,15.2796,14.0613,13.2241,12.7541,12.7264,13.4933,14.9318,15.9129,16.6896,16.449,16.0801,16.3995,17.0204,18.354,19.8639,21.4988,23.0162,24.6192,25.5942,25.6327,24.9562,24.023,21.7555,19.1347
56,13.9136,13.0947,12.5082,12.1799,12.1397,12.6541,13.7278,14.5282,15.1821,15.4635,15.5649,16.023,16.6565,17.6494,18.7762,19.898,20.8275,21.6688,21.9766,21.6981,21.0434,20.2004,18.4918,16.6232
57,19.18,17.4972,16.3535,15.7109,15.6841,16.7439,18.6742,19.9548,20.9581,20.3917,19.6977,20.0104,20.7538,22.5448,24.5711,26.8171,28.9606,31.2994,32.8296,33.0434,32.2147,31.0397,28.0054,24.4421
58,3.7639,3.2808,2.9639,2.7854,2.788,3.0927,3.5958,3.896,4.121,3.7465,3.3803,3.3537,3.4638,3.9317,4.4598,5.0937,5.7522,6.5365,7.1419,7.3488,7.2065,6.9724,6.1896,5.2179
59,26.6864,25.0373,23.8649,23.2082,23.1352,24.1715,26.2947,27.8549,29.1236,29.5281,29.6044,30.438,31.6345,33.5988,35.8271,38.0777,39.9825,41.7632,42.5103,42.0608,40.8155,39.1968,35.8234,32.0996
60,0.0,0.0,0.0,0.0,0.0,0.0,0.0,0.0,0.0,0.0,0.0,0.0,0.0,0.0,0.0,0.0,0.0,0.0,0.0,0.0,0.0,0.0,0.0,0.0
61,23.6901,20.8176,18.9247,17.8586,17.8665,19.678,22.7075,24.5432,25.9282,23.8613,21.8095,21.7386,22.471,25.2881,28.4684,32.2453,36.1283,40.7063,44.1809,45.3017,44.3837,42.9139,38.1933,32.3773
62,0.0,0.0,0.0,0.0,0.0,0.0,0.0,0.0,0.0,0.0,0.0,0.0,0.0,0.0,0.0,0.0,0.0,0.0,0.0,0.0,0.0,0.0,0.0,0.0
63,14.1596,12.9326,12.0976,11.6285,11.6079,12.3805,13.7931,14.7336,15.4714,15.0798,14.5907,14.8303,15.3828,16.6932,18.176,19.8147,21.3731,23.0669,24.1658,24.3071,23.6932,22.8261,20.6049,18.0018
64,12.9746,12.0515,11.4081,11.0472,11.018,11.5986,12.7295,13.5268,14.1659,14.1537,14.0082,14.3436,14.8969,15.9444,17.1313,18.3788,19.4937,20.6176,21.223,21.1354,20.5461,19.7563,17.9675,15.9408
65,10.8326,9.8535,9.1902,8.8174,8.8038,9.4205,10.534,11.2665,11.8383,11.4691,11.034,11.1941,11.6072,12.6406,13.8095,15.1142,16.3695,17.7514,18.6728,18.8246,18.3603,17.696,15.9471,13.8836
66,19.2126,18.0887,17.283,16.832,16.7762,17.4821,18.9592,20.0622,20.9639,21.3643,21.5146,22.1512,23.0274,24.3933,25.9434,27.4838,28.7565,29.9036,30.315,29.923,29.018,27.8541,25.5032,22.9352
67,4.0314,3.578,3.2774,3.1081,3.1077,3.3935,3.8802,4.1812,4.4104,4.1197,3.824,3.8323,3.9653,4.4176,4.9285,5.5264,6.132,6.8355,7.356,7.5084,7.3475,7.0982,6.3384,5.4119
68,3.303,2.9847,2.7705,2.6501,2.6469,2.8475,3.2031,3.4327,3.6107,3.4641,3.3017,3.3391,3.4605,3.7906,4.1639,4.5867,5.0002,5.4636,5.784,5.8516,5.7126,5.5096,4.9522,4.2877
69,8.0887,7.1752,6.5696,6.2287,6.2279,6.8038,7.7835,8.3888,8.8493,8.2595,7.6602,7.6747,7.9405,8.8511,9.8796,11.0842,12.3053,13.7252,14.7773,15.0874,14.765,14.2647,12.7353,10.8694
70,34.7058,34.2142,33.6896,33.4026,33.2223,33.5238,34.9415,36.4416,37.7878,41.1612,43.748,45.7836,47.7268,49.0215,50.5085,51.3479,51.2525,50.0506,47.7228,45.3546,43.515,41.4483,39.0869,37.1901
71,38.7431,36.6394,35.1129,34.2591,34.1381,35.4589,38.3053,40.4776,42.2661,43.3534,43.9011,45.2784,47.0835,49.714,52.7012,55.602,57.9156,59.883,60.3882,59.4224,57.5758,55.2325,50.6908,45.802
72,8.4639,7.6599,7.1182,6.8135,6.8049,7.3113,8.213,8.7978,9.2518,8.8962,8.4977,8.6003,8.914,9.7511,10.6976,11.7662,12.8076,13.9701,14.7678,14.9284,14.5708,14.0509,12.6367,10.955
73,0.0,0.0,0.0,0.0,0.0,0.0,0.0,0.0,0.0,0.0,0.0,0.0,0.0,0.0,0.0,0.0,0.0,0.0,0.0,0.0,0.0,0.0,0.0,0.0
74,16.7247,15.7288,15.0168,14.6181,14.5704,15.1961,16.4962,17.462,18.2502,18.5684,18.6728,19.2169,19.9756,21.1779,22.5424,23.9054,25.0407,26.0767,26.4698,26.1476,25.3621,24.3485,22.2805,20.0137
75,0.0,0.0,0.0,0.0,0.0,0.0,0.0,0.0,0.0,0.0,0.0,0.0,0.0,0.0,0.0,0.0,0.0,0.0,0.0,0.0,0.0,0.0,0.0,0.0
76,19.1949,18.1784,17.4377,17.0235,16.9622,17.6003,18.9896,20.0576,20.939,21.522,21.8321,22.5293,23.4296,24.7133,26.1713,27.576,28.6822,29.6021,29.8011,29.2948,28.3765,27.2161,24.9975,22.6213
77,21.2217,19.2572,17.9297,17.1834,17.159,18.3966,20.6158,22.0656,23.1945,22.3911,21.4689,21.7557,22.5543,24.6141,26.9436,29.5583,32.0897,34.8957,36.7935,37.1409,36.2375,34.9351,31.452,27.3266
78,8.1839,7.6885,7.3352,7.1373,7.1144,7.4257,8.0684,8.5436,8.9307,9.0726,9.1115,9.373,9.7424,10.3369,11.0115,11.6886,12.2567,12.7809,12.9894,12.8404,12.4571,11.961,10.9391,9.8155
79,29.3062,26.8345,25.1472,24.1994,24.1534,25.7096,28.5783,30.5031,32.0177,31.3238,30.4133,30.9483,32.1076,34.7683,37.7793,41.0854,44.2056,47.5673,49.7066,49.9259,48.6463,46.8533,42.3391,37.072
80,29.1295,26.4891,24.7009,23.6959,23.6596,25.3226,28.3232,30.2951,31.8343,30.8285,29.6472,30.0733,31.1825,33.9671,37.1166,40.6347,44.0217,47.7537,50.2466,50.6627,49.4152,47.6288,42.9168,37.3543
81,0.0,0.0,0.0,0.0,0.0,0.0,0.0,0.0,0.0,0.0,0.0,0.0,0.0,0.0,0.0,0.0,0.0,0.0,0.0,0.0,0.0,0.0,0.0,0.0
82,11.0658,9.9301,9.1705,8.7432,8.7363,9.452,10.6997,11.4912,12.1003,11.4897,10.8414,10.9269,11.3172,12.4761,13.7858,15.2898,16.7829,18.4829,19.6946,19.9958,19.5396,18.8579,16.9053,14.5558
83,17.407,16.1573,15.2873,14.7993,14.7606,15.5468,17.0731,18.1465,19.006,18.9701,18.758,19.2015,19.9413,21.3551,22.9571,24.645,26.1583,27.6902,28.5248,28.4194,27.6303,26.5704,24.1567,21.4176
84,2.7596,2.627,2.5287,2.4738,2.4643,2.5475,2.7362,2.8854,3.0097,3.1168,3.1817,3.2897,3.4223,3.5966,3.7946,3.9795,4.1175,4.221,4.2226,4.1352,4.0014,3.8349,3.5325,3.215
85,17.787,17.0309,16.4569,16.1369,16.0705,16.5442,17.6805,18.6107,19.3933,20.2537,20.8207,21.5737,22.4516,23.4994,24.6918,25.7588,26.4945,26.9515,26.7648,26.0951,25.2194,24.1485,22.3204,20.4497
86,21.1653,19.4905,18.3387,17.692,17.6531,18.7072,20.6893,22.0441,23.1178,22.8066,22.315,22.7649,23.628,25.4655,27.546,29.7944,31.8761,34.0692,35.3941,35.4335,34.4947,33.2023,30.0772,26.4699
87,1.2912,1.1835,1.11,1.0686,1.0665,1.1343,1.2597,1.3441,1.4106,1.3822,1.3439,1.3682,1.4196,1.5359,1.6675,1.8115,1.9471,2.0925,2.1843,2.1926,2.1361,2.0571,1.8598,1.6299
88,2.5223,2.2925,2.137,2.0496,2.0465,2.1912,2.452,2.6231,2.7566,2.6675,2.5635,2.5998,2.6956,2.9375,3.2112,3.5173,3.8123,4.1379,4.356,4.3932,4.2854,4.1306,3.7213,3.2376
89,20.4121,19.7913,19.2821,18.9995,18.9107,19.2979,20.4012,21.3897,22.2424,23.6551,24.6774,25.6838,26.749,27.7633,28.9209,29.8334,30.2935,30.2924,29.5852,28.5502,27.5124,26.2892,24.4939,22.7873
90,11.8053,10.4118,9.4914,8.9731,8.9751,9.8538,11.3327,12.2354,12.9186,11.9539,10.9884,10.9749,11.3487,12.7237,14.2762,16.1104,17.9865,20.1872,21.8431,22.3607,21.8982,21.1667,18.8607,16.03
91,36.1692,33.8135,32.1515,31.2201,31.1273,32.6083,35.5839,37.7372,39.4788,39.8193,39.7412,40.8015,42.3949,45.1491,48.2722,51.475,54.2444,56.9146,58.168,57.689,56.0172,53.8205,49.1006,43.8385
92,19.2069,18.6941,18.2582,18.0168,17.9294,18.2486,19.2288,20.136,20.9253,22.3776,23.4469,24.4349,25.454,26.3539,27.3823,28.1508,28.4726,28.3197,27.5118,26.4609,25.4749,24.3256,22.7238,21.2451
93,1.3996,1.213,1.091,1.0222,1.0235,1.1412,1.334,1.4478,1.5328,1.3815,1.2349,1.221,1.2603,1.4396,1.6419,1.8864,2.1421,2.4486,2.6876,2.772,2.72,2.6328,2.3332,1.9595
94,0.0,0.0,0.0,0.0,0.0,0.0,0.0,0.0,0.0,0.0,0.0,0.0,0.0,0.0,0.0,0.0,0.0,0.0,0.0,0.0,0.0,0.0,0.0,0.0
95,1.8323,1.6703,1.5604,1.4986,1.4961,1.5981,1.7834,1.9061,2.0022,1.9461,1.878,1.9072,1.9779,2.1499,2.3445,2.5605,2.7671,2.9931,3.1416,3.1633,3.0843,2.972,2.6807,2.3382
96,5.6235,5.5602,5.485,5.4441,5.414,5.4526,5.669,5.9069,6.122,6.6967,7.1404,7.4796,7.7983,7.9956,8.2227,8.3381,8.2973,8.0679,7.6581,7.2568,6.9566,6.6221,6.2594,5.9811
97,5.6215,5.2982,5.0658,4.9358,4.9191,5.1222,5.5499,5.8708,6.1337,6.2603,6.3126,6.5021,6.7598,7.1552,7.6041,8.0478,8.4116,8.7354,8.8448,8.7241,8.4586,8.1181,7.437,6.6955
98,0.0,0.0,0.0,0.0,0.0,0.0,0.0,0.0,0.0,0.0,0.0,0.0,0.0,0.0,0.0,0.0,0.0,0.0,0.0,0.0,0.0,0.0,0.0,0.0
99,0.6211,0.5323,0.4745,0.4419,0.4428,0.4988,0.5893,0.6417,0.6805,0.603,0.5288,0.5192,0.5352,0.6194,0.7144,0.8305,0.9534,1.1022,1.2204,1.2644,1.2421,1.2032,1.0629,0.8862
100,0.0,0.0,0.0,0.0,0.0,0.0,0.0,0.0,0.0,0.0,0.0,0.0,0.0,0.0,0.0,0.0,0.0,0.0,0.0,0.0,0.0,0.0,0.0,0.0
101,0.0,0.0,0.0,0.0,0.0,0.0,0.0,0.0,0.0,0.0,0.0,0.0,0.0,0.0,0.0,0.0,0.0,0.0,0.0,0.0,0.0,0.0,0.0,0.0
102,0.0,0.0,0.0,0.0,0.0,0.0,0.0,0.0,0.0,0.0,0.0,0.0,0.0,0.0,0.0,0.0,0.0,0.0,0.0,0.0,0.0,0.0,0.0,0.0
103,0.0,0.0,0.0,0.0,0.0,0.0,0.0,0.0,0.0,0.0,0.0,0.0,0.0,0.0,0.0,0.0,0.0,0.0,0.0,0.0,0.0,0.0,0.0,0.0
104,13.3483,12.8422,12.4486,12.2294,12.1765,12.4931,13.2961,13.9745,14.5505,15.3018,15.8196,16.4199,17.0931,17.8327,18.6753,19.3986,19.8554,20.0679,19.8055,19.2368,18.5715,17.7692,16.4724,15.1778
105,0.9474,0.8119,0.7237,0.674,0.6754,0.7609,0.8988,0.9788,1.038,0.9198,0.8066,0.7919,0.8164,0.9448,1.0896,1.2667,1.4542,1.6812,1.8614,1.9285,1.8946,1.8353,1.6212,1.3518
106,21.7703,20.5042,19.5957,19.0872,19.0236,19.8188,21.4864,22.7339,23.7543,24.2208,24.4023,25.1279,26.1226,27.6646,29.4148,31.1508,32.5813,33.8654,34.3167,33.8645,32.838,31.5194,28.8645,25.9679
107,0.0,0.0,0.0,0.0,0.0,0.0,0.0,0.0,0.0,0.0,0.0,0.0,0.0,0.0,0.0,0.0,0.0,0.0,0.0,0.0,0.0,0.0,0.0,0.0
108,0.8205,0.734,0.6763,0.6439,0.6435,0.698,0.7924,0.8518,0.8974,0.8481,0.7966,0.8016,0.83,0.9177,1.0168,1.1312,1.2455,1.3764,1.4709,1.4957,1.4621,1.4115,1.2639,1.0856
109,3.8581,3.3062,2.947,2.7446,2.7502,3.0984,3.6602,3.9861,4.2271,3.7456,3.2848,3.2249,3.3244,3.8474,4.4371,5.1584,5.9217,6.8463,7.5801,7.8534,7.7151,7.4738,6.6019,5.5048
110,0.0,0.0,0.0,0.0,0.0,0.0,0.0,0.0,0.0,0.0,0.0,0.0,0.0,0.0,0.0,0.0,0.0,0.0,0.0,0.0,0.0,0.0,0.0,0.0
111,11.5723,10.5322,9.8272,9.4309,9.416,10.0711,11.256,12.0366,12.6464,12.262,11.806,11.9804,12.4231,13.5226,14.7663,16.1528,17.4846,18.9485,19.9212,20.0769,19.5802,18.8707,17.0096,14.8155
112,11.8423,10.9834,10.3862,10.0512,10.0253,10.5657,11.6112,12.3442,12.9306,12.8911,12.7336,13.0303,13.5315,14.5001,15.5974,16.7568,17.7999,18.8606,19.4459,19.3836,18.8479,18.1267,16.4739,14.5949
113,48.0156,46.7759,45.7114,45.1224,44.9019,45.6732,48.0894,50.3439,52.3092,56.0123,58.749,61.2431,63.8005,66.0183,68.5532,70.4212,71.1602,70.6883,68.5848,65.9123,63.4417,60.5694,56.6166,52.995
114,0.0,0.0,0.0,0.0,0.0,0.0,0.0,0.0,0.0,0.0,0.0,0.0,0.0,0.0,0.0,0.0,0.0,0.0,0.0,0.0,0.0,0.0,0.0,0.0
115,0.0,0.0,0.0,0.0,0.0,0.0,0.0,0.0,0.0,0.0,0.0,0.0,0.0,0.0,0.0,0.0,0.0,0.0,0.0,0.0,0.0,0.0,0.0,0.0
116,0.0,0.0,0.0,0.0,0.0,0.0,0.0,0.0,0.0,0.0,0.0,0.0,0.0,0.0,0.0,0.0,0.0,0.0,0.0,0.0,0.0,0.0,0.0,0.0
117,0.0,0.0,0.0,0.0,0.0,0.0,0.0,0.0,0.0,0.0,0.0,0.0,0.0,0.0,0.0,0.0,0.0,0.0,0.0,0.0,0.0,0.0,0.0,0.0
118,0.0,0.0,0.0,0.0,0.0,0.0,0.0,0.0,0.0,0.0,0.0,0.0,0.0,0.0,0.0,0.0,0.0,0.0,0.0,0.0,0.0,0.0,0.0,0.0
119,0.0,0.0,0.0,0.0,0.0,0.0,0.0,0.0,0.0,0.0,0.0,0.0,0.0,0.0,0.0,0.0,0.0,0.0,0.0,0.0,0.0,0.0,0.0,0.0
120,0.0,0.0,0.0,0.0,0.0,0.0,0.0,0.0,0.0,0.0,0.0,0.0,0.0,0.0,0.0,0.0,0.0,0.0,0.0,0.0,0.0,0.0,0.0,0.0
121,0.0,0.0,0.0,0.0,0.0,0.0,0.0,0.0,0.0,0.0,0.0,0.0,0.0,0.0,0.0,0.0,0.0,0.0,0.0,0.0,0.0,0.0,0.0,0.0
122,0.0,0.0,0.0,0.0,0.0,0.0,0.0,0.0,0.0,0.0,0.0,0.0,0.0,0.0,0.0,0.0,0.0,0.0,0.0,0.0,0.0,0.0,0.0,0.0
123,0.0,0.0,0.0,0.0,0.0,0.0,0.0,0.0,0.0,0.0,0.0,0.0,0.0,0.0,0.0,0.0,0.0,0.0,0.0,0.0,0.0,0.0,0.0,0.0
124,0.0,0.0,0.0,0.0,0.0,0.0,0.0,0.0,0.0,0.0,0.0,0.0,0.0,0.0,0.0,0.0,0.0,0.0,0.0,0.0,0.0,0.0,0.0,0.0
125,0.0,0.0,0.0,0.0,0.0,0.0,0.0,0.0,0.0,0.0,0.0,0.0,0.0,0.0,0.0,0.0,0.0,0.0,0.0,0.0,0.0,0.0,0.0,0.0
126,0.0,0.0,0.0,0.0,0.0,0.0,0.0,0.0,0.0,0.0,0.0,0.0,0.0,0.0,0.0,0.0,0.0,0.0,0.0,0.0,0.0,0.0,0.0,0.0
127,0.0,0.0,0.0,0.0,0.0,0.0,0.0,0.0,0.0,0.0,0.0,0.0,0.0,0.0,0.0,0.0,0.0,0.0,0.0,0.0,0.0,0.0,0.0,0.0
128,0.0,0.0,0.0,0.0,0.0,0.0,0.0,0.0,0.0,0.0,0.0,0.0,0.0,0.0,0.0,0.0,0.0,0.0,0.0,0.0,0.0,0.0,0.0,0.0
129,0.0,0.0,0.0,0.0,0.0,0.0,0.0,0.0,0.0,0.0,0.0,0.0,0.0,0.0,0.0,0.0,0.0,0.0,0.0,0.0,0.0,0.0,0.0,0.0
130,0.0,0.0,0.0,0.0,0.0,0.0,0.0,0.0,0.0,0.0,0.0,0.0,0.0,0.0,0.0,0.0,0.0,0.0,0.0,0.0,0.0,0.0,0.0,0.0
131,0.0,0.0,0.0,0.0,0.0,0.0,0.0,0.0,0.0,0.0,0.0,0.0,0.0,0.0,0.0,0.0,0.0,0.0,0.0,0.0,0.0,0.0,0.0,0.0
132,0.0,0.0,0.0,0.0,0.0,0.0,0.0,0.0,0.0,0.0,0.0,0.0,0.0,0.0,0.0,0.0,0.0,0.0,0.0,0.0,0.0,0.0,0.0,0.0
133,0.0,0.0,0.0,0.0,0.0,0.0,0.0,0.0,0.0,0.0,0.0,0.0,0.0,0.0,0.0,0.0,0.0,0.0,0.0,0.0,0.0,0.0,0.0,0.0
134,0.0,0.0,0.0,0.0,0.0,0.0,0.0,0.0,0.0,0.0,0.0,0.0,0.0,0.0,0.0,0.0,0.0,0.0,0.0,0.0,0.0,0.0,0.0,0.0
135,0.0,0.0,0.0,0.0,0.0,0.0,0.0,0.0,0.0,0.0,0.0,0.0,0.0,0.0,0.0,0.0,0.0,0.0,0.0,0.0,0.0,0.0,0.0,0.0
136,0.0,0.0,0.0,0.0,0.0,0.0,0.0,0.0,0.0,0.0,0.0,0.0,0.0,0.0,0.0,0.0,0.0,0.0,0.0,0.0,0.0,0.0,0.0,0.0
137,0.0,0.0,0.0,0.0,0.0,0.0,0.0,0.0,0.0,0.0,0.0,0.0,0.0,0.0,0.0,0.0,0.0,0.0,0.0,0.0,0.0,0.0,0.0,0.0
138,0.0,0.0,0.0,0.0,0.0,0.0,0.0,0.0,0.0,0.0,0.0,0.0,0.0,0.0,0.0,0.0,0.0,0.0,0.0,0.0,0.0,0.0,0.0,0.0
139,0.0,0.0,0.0,0.0,0.0,0.0,0.0,0.0,0.0,0.0,0.0,0.0,0.0,0.0,0.0,0.0,0.0,0.0,0.0,0.0,0.0,0.0,0.0,0.0
140,0.0,0.0,0.0,0.0,0.0,0.0,0.0,0.0,0.0,0.0,0.0,0.0,0.0,0.0,0.0,0.0,0.0,0.0,0.0,0.0,0.0,0.0,0.0,0.0
141,0.0,0.0,0.0,0.0,0.0,0.0,0.0,0.0,0.0,0.0,0.0,0.0,0.0,0.0,0.0,0.0,0.0,0.0,0.0,0.0,0.0,0.0,0.0,0.0
142,0.0,0.0,0.0,0.0,0.0,0.0,0.0,0.0,0.0,0.0,0.0,0.0,0.0,0.0,0.0,0.0,0.0,0.0,0.0,0.0,0.0,0.0,0.0,0.0
143,0.0,0.0,0.0,0.0,0.0,0.0,0.0,0.0,0.0,0.0,0.0,0.0,0.0,0.0,0.0,0.0,0.0,0.0,0.0,0.0,0.0,0.0,0.0,0.0
144,0.0,0.0,0.0,0.0,0.0,0.0,0.0,0.0,0.0,0.0,0.0,0.0,0.0,0.0,0.0,0.0,0.0,0.0,0.0,0.0,0.0,0.0,0.0,0.0
145,6.4267,6.1037,5.8663,5.7336,5.7122,5.9148,6.3658,6.7178,7.0097,7.2349,7.3649,7.6084,7.9139,8.3304,8.8037,9.252,9.5953,9.8662,9.898,9.7097,9.4,9.0119,8.2904,7.5258
146,0.0,0.0,0.0,0.0,0.0,0.0,0.0,0.0,0.0,0.0,0.0,0.0,0.0,0.0,0.0,0.0,0.0,0.0,0.0,0.0,0.0,0.0,0.0,0.0
147,0.0,0.0,0.0,0.0,0.0,0.0,0.0,0.0,0.0,0.0,0.0,0.0,0.0,0.0,0.0,0.0,0.0,0.0,0.0,0.0,0.0,0.0,0.0,0.0
148,0.0,0.0,0.0,0.0,0.0,0.0,0.0,0.0,0.0,0.0,0.0,0.0,0.0,0.0,0.0,0.0,0.0,0.0,0.0,0.0,0.0,0.0,0.0,0.0
149,0.0,0.0,0.0,0.0,0.0,0.0,0.0,0.0,0.0,0.0,0.0,0.0,0.0,0.0,0.0,0.0,0.0,0.0,0.0,0.0,0.0,0.0,0.0,0.0
150,0.0,0.0,0.0,0.0,0.0,0.0,0.0,0.0,0.0,0.0,0.0,0.0,0.0,0.0,0.0,0.0,0.0,0.0,0.0,0.0,0.0,0.0,0.0,0.0
151,0.0,0.0,0.0,0.0,0.0,0.0,0.0,0.0,0.0,0.0,0.0,0.0,0.0,0.0,0.0,0.0,0.0,0.0,0.0,0.0,0.0,0.0,0.0,0.0
152,0.0,0.0,0.0,0.0,0.0,0.0,0.0,0.0,0.0,0.0,0.0,0.0,0.0,0.0,0.0,0.0,0.0,0.0,0.0,0.0,0.0,0.0,0.0,0.0
153,0.0,0.0,0.0,0.0,0.0,0.0,0.0,0.0,0.0,0.0,0.0,0.0,0.0,0.0,0.0,0.0,0.0,0.0,0.0,0.0,0.0,0.0,0.0,0.0
154,0.0,0.0,0.0,0.0,0.0,0.0,0.0,0.0,0.0,0.0,0.0,0.0,0.0,0.0,0.0,0.0,0.0,0.0,0.0,0.0,0.0,0.0,0.0,0.0
155,0.0,0.0,0.0,0.0,0.0,0.0,0.0,0.0,0.0,0.0,0.0,0.0,0.0,0.0,0.0,0.0,0.0,0.0,0.0,0.0,0.0,0.0,0.0,0.0
156,0.0,0.0,0.0,0.0,0.0,0.0,0.0,0.0,0.0,0.0,0.0,0.0,0.0,0.0,0.0,0.0,0.0,0.0,0.0,0.0,0.0,0.0,0.0,0.0
157,0.0,0.0,0.0,0.0,0.0,0.0,0.0,0.0,0.0,0.0,0.0,0.0,0.0,0.0,0.0,0.0,0.0,0.0,0.0,0.0,0.0,0.0,0.0,0.0
158,0.0,0.0,0.0,0.0,0.0,0.0,0.0,0.0,0.0,0.0,0.0,0.0,0.0,0.0,0.0,0.0,0.0,0.0,0.0,0.0,0.0,0.0,0.0,0.0
159,0.0,0.0,0.0,0.0,0.0,0.0,0.0,0.0,0.0,0.0,0.0,0.0,0.0,0.0,0.0,0.0,0.0,0.0,0.0,0.0,0.0,0.0,0.0,0.0
160,0.0,0.0,0.0,0.0,0.0,0.0,0.0,0.0,0.0,0.0,0.0,0.0,0.0,0.0,0.0,0.0,0.0,0.0,0.0,0.0,0.0,0.0,0.0,0.0
161,0.0,0.0,0.0,0.0,0.0,0.0,0.0,0.0,0.0,0.0,0.0,0.0,0.0,0.0,0.0,0.0,0.0,0.0,0.0,0.0,0.0,0.0,0.0,0.0
162,0.0,0.0,0.0,0.0,0.0,0.0,0.0,0.0,0.0,0.0,0.0,0.0,0.0,0.0,0.0,0.0,0.0,0.0,0.0,0.0,0.0,0.0,0.0,0.0
163,0.0,0.0,0.0,0.0,0.0,0.0,0.0,0.0,0.0,0.0,0.0,0.0,0.0,0.0,0.0,0.0,0.0,0.0,0.0,0.0,0.0,0.0,0.0,0.0
164,13.5521,12.5363,11.833,11.4384,11.4105,12.0497,13.2728,14.1222,14.7992,14.6975,14.4679,14.7885,15.3544,16.4878,17.7716,19.1398,20.3846,21.6684,22.4037,22.3679,21.7592,20.9331,19.0014,16.7926
165,0.0,0.0,0.0,0.0,0.0,0.0,0.0,0.0,0.0,0.0,0.0,0.0,0.0,0.0,0.0,0.0,0.0,0.0,0.0,0.0,0.0,0.0,0.0,0.0
166,0.0,0.0,0.0,0.0,0.0,0.0,0.0,0.0,0.0,0.0,0.0,0.0,0.0,0.0,0.0,0.0,0.0,0.0,0.0,0.0,0.0,0.0,0.0,0.0
167,0.0,0.0,0.0,0.0,0.0,0.0,0.0,0.0,0.0,0.0,0.0,0.0,0.0,0.0,0.0,0.0,0.0,0.0,0.0,0.0,0.0,0.0,0.0,0.0
168,0.0,0.0,0.0,0.0,0.0,0.0,0.0,0.0,0.0,0.0,0.0,0.0,0.0,0.0,0.0,0.0,0.0,0.0,0.0,0.0,0.0,0.0,0.0,0.0
169,0.0,0.0,0.0,0.0,0.0,0.0,0.0,0.0,0.0,0.0,0.0,0.0,0.0,0.0,0.0,0.0,0.0,0.0,0.0,0.0,0.0,0.0,0.0,0.0
170,0.0,0.0,0.0,0.0,0.0,0.0,0.0,0.0,0.0,0.0,0.0,0.0,0.0,0.0,0.0,0.0,0.0,0.0,0.0,0.0,0.0,0.0,0.0,0.0
171,0.0,0.0,0.0,0.0,0.0,0.0,0.0,0.0,0.0,0.0,0.0,0.0,0.0,0.0,0.0,0.0,0.0,0.0,0.0,0.0,0.0,0.0,0.0,0.0
172,0.0,0.0,0.0,0.0,0.0,0.0,0.0,0.0,0.0,0.0,0.0,0.0,0.0,0.0,0.0,0.0,0.0,0.0,0.0,0.0,0.0,0.0,0.0,0.0
173,0.0,0.0,0.0,0.0,0.0,0.0,0.0,0.0,0.0,0.0,0.0,0.0,0.0,0.0,0.0,0.0,0.0,0.0,0.0,0.0,0.0,0.0,0.0,0.0
174,0.0,0.0,0.0,0.0,0.0,0.0,0.0,0.0,0.0,0.0,0.0,0.0,0.0,0.0,0.0,0.0,0.0,0.0,0.0,0.0,0.0,0.0,0.0,0.0
175,0.0,0.0,0.0,0.0,0.0,0.0,0.0,0.0,0.0,0.0,0.0,0.0,0.0,0.0,0.0,0.0,0.0,0.0,0.0,0.0,0.0,0.0,0.0,0.0
176,0.0,0.0,0.0,0.0,0.0,0.0,0.0,0.0,0.0,0.0,0.0,0.0,0.0,0.0,0.0,0.0,0.0,0.0,0.0,0.0,0.0,0.0,0.0,0.0
177,0.0,0.0,0.0,0.0,0.0,0.0,0.0,0.0,0.0,0.0,0.0,0.0,0.0,0.0,0.0,0.0,0.0,0.0,0.0,0.0,0.0,0.0,0.0,0.0
178,0.0,0.0,0.0,0.0,0.0,0.0,0.0,0.0,0.0,0.0,0.0,0.0,0.0,0.0,0.0,0.0,0.0,0.0,0.0,0.0,0.0,0.0,0.0,0.0
179,0.0,0.0,0.0,0.0,0.0,0.0,0.0,0.0,0.0,0.0,0.0,0.0,0.0,0.0,0.0,0.0,0.0,0.0,0.0,0.0,0.0,0.0,0.0,0.0
180,0.0,0.0,0.0,0.0,0.0,0.0,0.0,0.0,0.0,0.0,0.0,0.0,0.0,0.0,0.0,0.0,0.0,0.0,0.0,0.0,0.0,0.0,0.0,0.0
181,0.0,0.0,0.0,0.0,0.0,0.0,0.0,0.0,0.0,0.0,0.0,0.0,0.0,0.0,0.0,0.0,0.0,0.0,0.0,0.0,0.0,0.0,0.0,0.0
182,0.0,0.0,0.0,0.0,0.0,0.0,0.0,0.0,0.0,0.0,0.0,0.0,0.0,0.0,0.0,0.0,0.0,0.0,0.0,0.0,0.0,0.0,0.0,0.0
183,0.0,0.0,0.0,0.0,0.0,0.0,0.0,0.0,0.0,0.0,0.0,0.0,0.0,0.0,0.0,0.0,0.0,0.0,0.0,0.0,0.0,0.0,0.0,0.0
184,0.0,0.0,0.0,0.0,0.0,0.0,0.0,0.0,0.0,0.0,0.0,0.0,0.0,0.0,0.0,0.0,0.0,0.0,0.0,0.0,0.0,0.0,0.0,0.0
185,0.0,0.0,0.0,0.0,0.0,0.0,0.0,0.0,0.0,0.0,0.0,0.0,0.0,0.0,0.0,0.0,0.0,0.0,0.0,0.0,0.0,0.0,0.0,0.0
186,0.0,0.0,0.0,0.0,0.0,0.0,0.0,0.0,0.0,0.0,0.0,0.0,0.0,0.0,0.0,0.0,0.0,0.0,0.0,0.0,0.0,0.0,0.0,0.0
187,0.0,0.0,0.0,0.0,0.0,0.0,0.0,0.0,0.0,0.0,0.0,0.0,0.0,0.0,0.0,0.0,0.0,0.0,0.0,0.0,0.0,0.0,0.0,0.0
188,0.0,0.0,0.0,0.0,0.0,0.0,0.0,0.0,0.0,0.0,0.0,0.0,0.0,0.0,0.0,0.0,0.0,0.0,0.0,0.0,0.0,0.0,0.0,0.0
189,0.0,0.0,0.0,0.0,0.0,0.0,0.0,0.0,0.0,0.0,0.0,0.0,0.0,0.0,0.0,0.0,0.0,0.0,0.0,0.0,0.0,0.0,0.0,0.0
190,0.0,0.0,0.0,0.0,0.0,0.0,0.0,0.0,0.0,0.0,0.0,0.0,0.0,0.0,0.0,0.0,0.0,0.0,0.0,0.0,0.0,0.0,0.0,0.0
191,0.0,0.0,0.0,0.0,0.0,0.0,0.0,0.0,0.0,0.0,0.0,0.0,0.0,0.0,0.0,0.0,0.0,0.0,0.0,0.0,0.0,0.0,0.0,0.0
192,0.0,0.0,0.0,0.0,0.0,0.0,0.0,0.0,0.0,0.0,0.0,0.0,0.0,0.0,0.0,0.0,0.0,0.0,0.0,0.0,0.0,0.0,0.0,0.0
193,0.0,0.0,0.0,0.0,0.0,0.0,0.0,0.0,0.0,0.0,0.0,0.0,0.0,0.0,0.0,0.0,0.0,0.0,0.0,0.0,0.0,0.0,0.0,0.0
194,0.0,0.0,0.0,0.0,0.0,0.0,0.0,0.0,0.0,0.0,0.0,0.0,0.0,0.0,0.0,0.0,0.0,0.0,0.0,0.0,0.0,0.0,0.0,0.0
195,0.0,0.0,0.0,0.0,0.0,0.0,0.0,0.0,0.0,0.0,0.0,0.0,0.0,0.0,0.0,0.0,0.0,0.0,0.0,0.0,0.0,0.0,0.0,0.0
196,0.0,0.0,0.0,0.0,0.0,0.0,0.0,0.0,0.0,0.0,0.0,0.0,0.0,0.0,0.0,0.0,0.0,0.0,0.0,0.0,0.0,0.0,0.0,0.0
197,0.0,0.0,0.0,0.0,0.0,0.0,0.0,0.0,0.0,0.0,0.0,0.0,0.0,0.0,0.0,0.0,0.0,0.0,0.0,0.0,0.0,0.0,0.0,0.0
198,0.0,0.0,0.0,0.0,0.0,0.0,0.0,0.0,0.0,0.0,0.0,0.0,0.0,0.0,0.0,0.0,0.0,0.0,0.0,0.0,0.0,0.0,0.0,0.0
199,0.0,0.0,0.0,0.0,0.0,0.0,0.0,0.0,0.0,0.0,0.0,0.0,0.0,0.0,0.0,0.0,0.0,0.0,0.0,0.0,0.0,0.0,0.0,0.0
200,0.0,0.0,0.0,0.0,0.0,0.0,0.0,0.0,0.0,0.0,0.0,0.0,0.0,0.0,0.0,0.0,0.0,0.0,0.0,0.0,0.0,0.0,0.0,0.0
201,0.0,0.0,0.0,0.0,0.0,0.0,0.0,0.0,0.0,0.0,0.0,0.0,0.0,0.0,0.0,0.0,0.0,0.0,0.0,0.0,0.0,0.0,0.0,0.0
202,0.0,0.0,0.0,0.0,0.0,0.0,0.0,0.0,0.0,0.0,0.0,0.0,0.0,0.0,0.0,0.0,0.0,0.0,0.0,0.0,0.0,0.0,0.0,0.0
203,0.0,0.0,0.0,0.0,0.0,0.0,0.0,0.0,0.0,0.0,0.0,0.0,0.0,0.0,0.0,0.0,0.0,0.0,0.0,0.0,0.0,0.0,0.0,0.0
204,0.0,0.0,0.0,0.0,0.0,0.0,0.0,0.0,0.0,0.0,0.0,0.0,0.0,0.0,0.0,0.0,0.0,0.0,0.0,0.0,0.0,0.0,0.0,0.0
205,0.0,0.0,0.0,0.0,0.0,0.0,0.0,0.0,0.0,0.0,0.0,0.0,0.0,0.0,0.0,0.0,0.0,0.0,0.0,0.0,0.0,0.0,0.0,0.0
206,0.0,0.0,0.0,0.0,0.0,0.0,0.0,0.0,0.0,0.0,0.0,0.0,0.0,0.0,0.0,0.0,0.0,0.0,0.0,0.0,0.0,0.0,0.0,0.0
207,0.0,0.0,0.0,0.0,0.0,0.0,0.0,0.0,0.0,0.0,0.0,0.0,0.0,0.0,0.0,0.0,0.0,0.0,0.0,0.0,0.0,0.0,0.0,0.0
208,0.0,0.0,0.0,0.0,0.0,0.0,0.0,0.0,0.0,0.0,0.0,0.0,0.0,0.0,0.0,0.0,0.0,0.0,0.0,0.0,0.0,0.0,0.0,0.0
209,0.0,0.0,0.0,0.0,0.0,0.0,0.0,0.0,0.0,0.0,0.0,0.0,0.0,0.0,0.0,0.0,0.0,0.0,0.0,0.0,0.0,0.0,0.0,0.0
210,0.0,0.0,0.0,0.0,0.0,0.0,0.0,0.0,0.0,0.0,0.0,0.0,0.0,0.0,0.0,0.0,0.0,0.0,0.0,0.0,0.0,0.0,0.0,0.0
211,0.0,0.0,0.0,0.0,0.0,0.0,0.0,0.0,0.0,0.0,0.0,0.0,0.0,0.0,0.0,0.0,0.0,0.0,0.0,0.0,0.0,0.0,0.0,0.0
212,0.0,0.0,0.0,0.0,0.0,0.0,0.0,0.0,0.0,0.0,0.0,0.0,0.0,0.0,0.0,0.0,0.0,0.0,0.0,0.0,0.0,0.0,0.0,0.0
213,0.0,0.0,0.0,0.0,0.0,0.0,0.0,0.0,0.0,0.0,0.0,0.0,0.0,0.0,0.0,0.0,0.0,0.0,0.0,0.0,0.0,0.0,0.0,0.0
214,0.0,0.0,0.0,0.0,0.0,0.0,0.0,0.0,0.0,0.0,0.0,0.0,0.0,0.0,0.0,0.0,0.0,0.0,0.0,0.0,0.0,0.0,0.0,0.0
215,0.0,0.0,0.0,0.0,0.0,0.0,0.0,0.0,0.0,0.0,0.0,0.0,0.0,0.0,0.0,0.0,0.0,0.0,0.0,0.0,0.0,0.0,0.0,0.0
216,0.0,0.0,0.0,0.0,0.0,0.0,0.0,0.0,0.0,0.0,0.0,0.0,0.0,0.0,0.0,0.0,0.0,0.0,0.0,0.0,0.0,0.0,0.0,0.0
217,0.0,0.0,0.0,0.0,0.0,0.0,0.0,0.0,0.0,0.0,0.0,0.0,0.0,0.0,0.0,0.0,0.0,0.0,0.0,0.0,0.0,0.0,0.0,0.0
218,0.0,0.0,0.0,0.0,0.0,0.0,0.0,0.0,0.0,0.0,0.0,0.0,0.0,0.0,0.0,0.0,0.0,0.0,0.0,0.0,0.0,0.0,0.0,0.0
219,0.0,0.0,0.0,0.0,0.0,0.0,0.0,0.0,0.0,0.0,0.0,0.0,0.0,0.0,0.0,0.0,0.0,0.0,0.0,0.0,0.0,0.0,0.0,0.0
220,0.0,0.0,0.0,0.0,0.0,0.0,0.0,0.0,0.0,0.0,0.0,0.0,0.0,0.0,0.0,0.0,0.0,0.0,0.0,0.0,0.0,0.0,0.0,0.0
221,0.0,0.0,0.0,0.0,0.0,0.0,0.0,0.0,0.0,0.0,0.0,0.0,0.0,0.0,0.0,0.0,0.0,0.0,0.0,0.0,0.0,0.0,0.0,0.0
222,0.0,0.0,0.0,0.0,0.0,0.0,0.0,0.0,0.0,0.0,0.0,0.0,0.0,0.0,0.0,0.0,0.0,0.0,0.0,0.0,0.0,0.0,0.0,0.0
223,0.0,0.0,0.0,0.0,0.0,0.0,0.0,0.0,0.0,0.0,0.0,0.0,0.0,0.0,0.0,0.0,0.0,0.0,0.0,0.0,0.0,0.0,0.0,0.0
224,0.0,0.0,0.0,0.0,0.0,0.0,0.0,0.0,0.0,0.0,0.0,0.0,0.0,0.0,0.0,0.0,0.0,0.0,0.0,0.0,0.0,0.0,0.0,0.0
225,0.0,0.0,0.0,0.0,0.0,0.0,0.0,0.0,0.0,0.0,0.0,0.0,0.0,0.0,0.0,0.0,0.0,0.0,0.0,0.0,0.0,0.0,0.0,0.0
226,0.0,0.0,0.0,0.0,0.0,0.0,0.0,0.0,0.0,0.0,0.0,0.0,0.0,0.0,0.0,0.0,0.0,0.0,0.0,0.0,0.0,0.0,0.0,0.0
227,0.0,0.0,0.0,0.0,0.0,0.0,0.0,0.0,0.0,0.0,0.0,0.0,0.0,0.0,0.0,0.0,0.0,0.0,0.0,0.0,0.0,0.0,0.0,0.0
228,0.0,0.0,0.0,0.0,0.0,0.0,0.0,0.0,0.0,0.0,0.0,0.0,0.0,0.0,0.0,0.0,0.0,0.0,0.0,0.0,0.0,0.0,0.0,0.0
229,0.0,0.0,0.0,0.0,0.0,0.0,0.0,0.0,0.0,0.0,0.0,0.0,0.0,0.0,0.0,0.0,0.0,0.0,0.0,0.0,0.0,0.0,0.0,0.0
230,0.0,0.0,0.0,0.0,0.0,0.0,0.0,0.0,0.0,0.0,0.0,0.0,0.0,0.0,0.0,0.0,0.0,0.0,0.0,0.0,0.0,0.0,0.0,0.0
231,0.0,0.0,0.0,0.0,0.0,0.0,0.0,0.0,0.0,0.0,0.0,0.0,0.0,0.0,0.0,0.0,0.0,0.0,0.0,0.0,0.0,0.0,0.0,0.0
232,0.0,0.0,0.0,0.0,0.0,0.0,0.0,0.0,0.0,0.0,0.0,0.0,0.0,0.0,0.0,0.0,0.0,0.0,0.0,0.0,0.0,0.0,0.0,0.0
233,0.0,0.0,0.0,0.0,0.0,0.0,0.0,0.0,0.0,0.0,0.0,0.0,0.0,0.0,0.0,0.0,0.0,0.0,0.0,0.0,0.0,0.0,0.0,0.0
234,0.0,0.0,0.0,0.0,0.0,0.0,0.0,0.0,0.0,0.0,0.0,0.0,0.0,0.0,0.0,0.0,0.0,0.0,0.0,0.0,0.0,0.0,0.0,0.0
235,0.0,0.0,0.0,0.0,0.0,0.0,0.0,0.0,0.0,0.0,0.0,0.0,0.0,0.0,0.0,0.0,0.0,0.0,0.0,0.0,0.0,0.0,0.0,0.0
236,0.0,0.0,0.0,0.0,0.0,0.0,0.0,0.0,0.0,0.0,0.0,0.0,0.0,0.0,0.0,0.0,0.0,0.0,0.0,0.0,0.0,0.0,0.0,0.0
237,0.0,0.0,0.0,0.0,0.0,0.0,0.0,0.0,0.0,0.0,0.0,0.0,0.0,0.0,0.0,0.0,0.0,0.0,0.0,0.0,0.0,0.0,0.0,0.0
238,0.0,0.0,0.0,0.0,0.0,0.0,0.0,0.0,0.0,0.0,0.0,0.0,0.0,0.0,0.0,0.0,0.0,0.0,0.0,0.0,0.0,0.0,0.0,0.0
239,0.0,0.0,0.0,0.0,0.0,0.0,0.0,0.0,0.0,0.0,0.0,0.0,0.0,0.0,0.0,0.0,0.0,0.0,0.0,0.0,0.0,0.0,0.0,0.0
240,0.0,0.0,0.0,0.0,0.0,0.0,0.0,0.0,0.0,0.0,0.0,0.0,0.0,0.0,0.0,0.0,0.0,0.0,0.0,0.0,0.0,0.0,0.0,0.0
241,0.0,0.0,0.0,0.0,0.0,0.0,0.0,0.0,0.0,0.0,0.0,0.0,0.0,0.0,0.0,0.0,0.0,0.0,0.0,0.0,0.0,0.0,0.0,0.0
242,0.0,0.0,0.0,0.0,0.0,0.0,0.0,0.0,0.0,0.0,0.0,0.0,0.0,0.0,0.0,0.0,0.0,0.0,0.0,0.0,0.0,0.0,0.0,0.0
243,0.0,0.0,0.0,0.0,0.0,0.0,0.0,0.0,0.0,0.0,0.0,0.0,0.0,0.0,0.0,0.0,0.0,0.0,0.0,0.0,0.0,0.0,0.0,0.0
244,0.0,0.0,0.0,0.0,0.0,0.0,0.0,0.0,0.0,0.0,0.0,0.0,0.0,0.0,0.0,0.0,0.0,0.0,0.0,0.0,0.0,0.0,0.0,0.0
245,0.0,0.0,0.0,0.0,0.0,0.0,0.0,0.0,0.0,0.0,0.0,0.0,0.0,0.0,0.0,0.0,0.0,0.0,0.0,0.0,0.0,0.0,0.0,0.0
246,0.0,0.0,0.0,0.0,0.0,0.0,0.0,0.0,0.0,0.0,0.0,0.0,0.0,0.0,0.0,0.0,0.0,0.0,0.0,0.0,0.0,0.0,0.0,0.0
247,0.0,0.0,0.0,0.0,0.0,0.0,0.0,0.0,0.0,0.0,0.0,0.0,0.0,0.0,0.0,0.0,0.0,0.0,0.0,0.0,0.0,0.0,0.0,0.0
248,0.0,0.0,0.0,0.0,0.0,0.0,0.0,0.0,0.0,0.0,0.0,0.0,0.0,0.0,0.0,0.0,0.0,0.0,0.0,0.0,0.0,0.0,0.0,0.0
249,0.0,0.0,0.0,0.0,0.0,0.0,0.0,0.0,0.0,0.0,0.0,0.0,0.0,0.0,0.0,0.0,0.0,0.0,0.0,0.0,0.0,0.0,0.0,0.0
250,0.0,0.0,0.0,0.0,0.0,0.0,0.0,0.0,0.0,0.0,0.0,0.0,0.0,0.0,0.0,0.0,0.0,0.0,0.0,0.0,0.0,0.0,0.0,0.0
251,0.0,0.0,0.0,0.0,0.0,0.0,0.0,0.0,0.0,0.0,0.0,0.0,0.0,0.0,0.0,0.0,0.0,0.0,0.0,0.0,0.0,0.0,0.0,0.0
252,0.0,0.0,0.0,0.0,0.0,0.0,0.0,0.0,0.0,0.0,0.0,0.0,0.0,0.0,0.0,0.0,0.0,0.0,0.0,0.0,0.0,0.0,0.0,0.0
253,0.0,0.0,0.0,0.0,0.0,0.0,0.0,0.0,0.0,0.0,0.0,0.0,0.0,0.0,0.0,0.0,0.0,0.0,0.0,0.0,0.0,0.0,0.0,0.0
254,0.0,0.0,0.0,0.0,0.0,0.0,0.0,0.0,0.0,0.0,0.0,0.0,0.0,0.0,0.0,0.0,0.0,0.0,0.0,0.0,0.0,0.0,0.0,0.0
255,0.0,0.0,0.0,0.0,0.0,0.0,0.0,0.0,0.0,0.0,0.0,0.0,0.0,0.0,0.0,0.0,0.0,0.0,0.0,0.0,0.0,0.0,0.0,0.0
256,0.0,0.0,0.0,0.0,0.0,0.0,0.0,0.0,0.0,0.0,0.0,0.0,0.0,0.0,0.0,0.0,0.0,0.0,0.0,0.0,0.0,0.0,0.0,0.0
257,0.0,0.0,0.0,0.0,0.0,0.0,0.0,0.0,0.0,0.0,0.0,0.0,0.0,0.0,0.0,0.0,0.0,0.0,0.0,0.0,0.0,0.0,0.0,0.0
258,0.0,0.0,0.0,0.0,0.0,0.0,0.0,0.0,0.0,0.0,0.0,0.0,0.0,0.0,0.0,0.0,0.0,0.0,0.0,0.0,0.0,0.0,0.0,0.0
259,0.0,0.0,0.0,0.0,0.0,0.0,0.0,0.0,0.0,0.0,0.0,0.0,0.0,0.0,0.0,0.0,0.0,0.0,0.0,0.0,0.0,0.0,0.0,0.0
260,0.0,0.0,0.0,0.0,0.0,0.0,0.0,0.0,0.0,0.0,0.0,0.0,0.0,0.0,0.0,0.0,0.0,0.0,0.0,0.0,0.0,0.0,0.0,0.0
261,0.0,0.0,0.0,0.0,0.0,0.0,0.0,0.0,0.0,0.0,0.0,0.0,0.0,0.0,0.0,0.0,0.0,0.0,0.0,0.0,0.0,0.0,0.0,0.0
262,0.0,0.0,0.0,0.0,0.0,0.0,0.0,0.0,0.0,0.0,0.0,0.0,0.0,0.0,0.0,0.0,0.0,0.0,0.0,0.0,0.0,0.0,0.0,0.0
263,0.0,0.0,0.0,0.0,0.0,0.0,0.0,0.0,0.0,0.0,0.0,0.0,0.0,0.0,0.0,0.0,0.0,0.0,0.0,0.0,0.0,0.0,0.0,0.0
264,0.0,0.0,0.0,0.0,0.0,0.0,0.0,0.0,0.0,0.0,0.0,0.0,0.0,0.0,0.0,0.0,0.0,0.0,0.0,0.0,0.0,0.0,0.0,0.0
265,0.0,0.0,0.0,0.0,0.0,0.0,0.0,0.0,0.0,0.0,0.0,0.0,0.0,0.0,0.0,0.0,0.0,0.0,0.0,0.0,0.0,0.0,0.0,0.0
266,0.0,0.0,0.0,0.0,0.0,0.0,0.0,0.0,0.0,0.0,0.0,0.0,0.0,0.0,0.0,0.0,0.0,0.0,0.0,0.0,0.0,0.0,0.0,0.0
267,0.0,0.0,0.0,0.0,0.0,0.0,0.0,0.0,0.0,0.0,0.0,0.0,0.0,0.0,0.0,0.0,0.0,0.0,0.0,0.0,0.0,0.0,0.0,0.0
268,0.0,0.0,0.0,0.0,0.0,0.0,0.0,0.0,0.0,0.0,0.0,0.0,0.0,0.0,0.0,0.0,0.0,0.0,0.0,0.0,0.0,0.0,0.0,0.0
269,0.0,0.0,0.0,0.0,0.0,0.0,0.0,0.0,0.0,0.0,0.0,0.0,0.0,0.0,0.0,0.0,0.0,0.0,0.0,0.0,0.0,0.0,0.0,0.0
270,0.0,0.0,0.0,0.0,0.0,0.0,0.0,0.0,0.0,0.0,0.0,0.0,0.0,0.0,0.0,0.0,0.0,0.0,0.0,0.0,0.0,0.0,0.0,0.0
271,0.0,0.0,0.0,0.0,0.0,0.0,0.0,0.0,0.0,0.0,0.0,0.0,0.0,0.0,0.0,0.0,0.0,0.0,0.0,0.0,0.0,0.0,0.0,0.0
272,0.0,0.0,0.0,0.0,0.0,0.0,0.0,0.0,0.0,0.0,0.0,0.0,0.0,0.0,0.0,0.0,0.0,0.0,0.0,0.0,0.0,0.0,0.0,0.0
273,0.0,0.0,0.0,0.0,0.0,0.0,0.0,0.0,0.0,0.0,0.0,0.0,0.0,0.0,0.0,0.0,0.0,0.0,0.0,0.0,0.0,0.0,0.0,0.0
274,2.3006,2.1552,2.0522,1.9945,1.9883,2.0797,2.2654,2.4009,2.5109,2.5402,2.5419,2.6119,2.7143,2.8861,3.081,3.279,3.4483,3.6086,3.6794,3.6441,3.5372,3.3976,3.1028,2.7761
275,0.0,0.0,0.0,0.0,0.0,0.0,0.0,0.0,0.0,0.0,0.0,0.0,0.0,0.0,0.0,0.0,0.0,0.0,0.0,0.0,0.0,0.0,0.0,0.0
276,0.0,0.0,0.0,0.0,0.0,0.0,0.0,0.0,0.0,0.0,0.0,0.0,0.0,0.0,0.0,0.0,0.0,0.0,0.0,0.0,0.0,0.0,0.0,0.0
277,0.0,0.0,0.0,0.0,0.0,0.0,0.0,0.0,0.0,0.0,0.0,0.0,0.0,0.0,0.0,0.0,0.0,0.0,0.0,0.0,0.0,0.0,0.0,0.0
278,0.0,0.0,0.0,0.0,0.0,0.0,0.0,0.0,0.0,0.0,0.0,0.0,0.0,0.0,0.0,0.0,0.0,0.0,0.0,0.0,0.0,0.0,0.0,0.0
279,0.0,0.0,0.0,0.0,0.0,0.0,0.0,0.0,0.0,0.0,0.0,0.0,0.0,0.0,0.0,0.0,0.0,0.0,0.0,0.0,0.0,0.0,0.0,0.0
280,0.0,0.0,0.0,0.0,0.0,0.0,0.0,0.0,0.0,0.0,0.0,0.0,0.0,0.0,0.0,0.0,0.0,0.0,0.0,0.0,0.0,0.0,0.0,0.0
281,13.1146,12.7616,12.4621,12.2963,12.2368,12.4566,13.1283,13.7487,14.2881,15.2747,16.0005,16.6734,17.3685,17.9853,18.69,19.2184,19.4427,19.3445,18.7987,18.0843,17.4115,16.6266,15.5293,14.5144
282,0.0,0.0,0.0,0.0,0.0,0.0,0.0,0.0,0.0,0.0,0.0,0.0,0.0,0.0,0.0,0.0,0.0,0.0,0.0,0.0,0.0,0.0,0.0,0.0
283,0.0,0.0,0.0,0.0,0.0,0.0,0.0,0.0,0.0,0.0,0.0,0.0,0.0,0.0,0.0,0.0,0.0,0.0,0.0,0.0,0.0,0.0,0.0,0.0
284,0.0,0.0,0.0,0.0,0.0,0.0,0.0,0.0,0.0,0.0,0.0,0.0,0.0,0.0,0.0,0.0,0.0,0.0,0.0,0.0,0.0,0.0,0.0,0.0
285,0.0,0.0,0.0,0.0,0.0,0.0,0.0,0.0,0.0,0.0,0.0,0.0,0.0,0.0,0.0,0.0,0.0,0.0,0.0,0.0,0.0,0.0,0.0,0.0
286,0.0,0.0,0.0,0.0,0.0,0.0,0.0,0.0,0.0,0.0,0.0,0.0,0.0,0.0,0.0,0.0,0.0,0.0,0.0,0.0,0.0,0.0,0.0,0.0
287,0.0,0.0,0.0,0.0,0.0,0.0,0.0,0.0,0.0,0.0,0.0,0.0,0.0,0.0,0.0,0.0,0.0,0.0,0.0,0.0,0.0,0.0,0.0,0.0
288,0.0,0.0,0.0,0.0,0.0,0.0,0.0,0.0,0.0,0.0,0.0,0.0,0.0,0.0,0.0,0.0,0.0,0.0,0.0,0.0,0.0,0.0,0.0,0.0
289,0.0,0.0,0.0,0.0,0.0,0.0,0.0,0.0,0.0,0.0,0.0,0.0,0.0,0.0,0.0,0.0,0.0,0.0,0.0,0.0,0.0,0.0,0.0,0.0
290,0.0,0.0,0.0,0.0,0.0,0.0,0.0,0.0,0.0,0.0,0.0,0.0,0.0,0.0,0.0,0.0,0.0,0.0,0.0,0.0,0.0,0.0,0.0,0.0
291,0.0,0.0,0.0,0.0,0.0,0.0,0.0,0.0,0.0,0.0,0.0,0.0,0.0,0.0,0.0,0.0,0.0,0.0,0.0,0.0,0.0,0.0,0.0,0.0
292,0.0,0.0,0.0,0.0,0.0,0.0,0.0,0.0,0.0,0.0,0.0,0.0,0.0,0.0,0.0,0.0,0.0,0.0,0.0,0.0,0.0,0.0,0.0,0.0
293,0.0,0.0,0.0,0.0,0.0,0.0,0.0,0.0,0.0,0.0,0.0,0.0,0.0,0.0,0.0,0.0,0.0,0.0,0.0,0.0,0.0,0.0,0.0,0.0
294,0.0,0.0,0.0,0.0,0.0,0.0,0.0,0.0,0.0,0.0,0.0,0.0,0.0,0.0,0.0,0.0,0.0,0.0,0.0,0.0,0.0,0.0,0.0,0.0
295,0.0,0.0,0.0,0.0,0.0,0.0,0.0,0.0,0.0,0.0,0.0,0.0,0.0,0.0,0.0,0.0,0.0,0.0,0.0,0.0,0.0,0.0,0.0,0.0
296,0.0,0.0,0.0,0.0,0.0,0.0,0.0,0.0,0.0,0.0,0.0,0.0,0.0,0.0,0.0,0.0,0.0,0.0,0.0,0.0,0.0,0.0,0.0,0.0
297,0.0,0.0,0.0,0.0,0.0,0.0,0.0,0.0,0.0,0.0,0.0,0.0,0.0,0.0,0.0,0.0,0.0,0.0,0.0,0.0,0.0,0.0,0.0,0.0
298,0.0,0.0,0.0,0.0,0.0,0.0,0.0,0.0,0.0,0.0,0.0,0.0,0.0,0.0,0.0,0.0,0.0,0.0,0.0,0.0,0.0,0.0,0.0,0.0
299,0.0,0.0,0.0,0.0,0.0,0.0,0.0,0.0,0.0,0.0,0.0,0.0,0.0,0.0,0.0,0.0,0.0,0.0,0.0,0.0,0.0,0.0,0.0,0.0
300,0.0,0.0,0.0,0.0,0.0,0.0,0.0,0.0,0.0,0.0,0.0,0.0,0.0,0.0,0.0,0.0,0.0,0.0,0.0,0.0,0.0,0.0,0.0,0.0
301,0.0,0.0,0.0,0.0,0.0,0.0,0.0,0.0,0.0,0.0,0.0,0.0,0.0,0.0,0.0,0.0,0.0,0.0,0.0,0.0,0.0,0.0,0.0,0.0
302,0.0,0.0,0.0,0.0,0.0,0.0,0.0,0.0,0.0,0.0,0.0,0.0,0.0,0.0,0.0,0.0,0.0,0.0,0.0,0.0,0.0,0.0,0.0,0.0
303,0.0,0.0,0.0,0.0,0.0,0.0,0.0,0.0,0.0,0.0,0.0,0.0,0.0,0.0,0.0,0.0,0.0,0.0,0.0,0.0,0.0,0.0,0.0,0.0
304,0.0,0.0,0.0,0.0,0.0,0.0,0.0,0.0,0.0,0.0,0.0,0.0,0.0,0.0,0.0,0.0,0.0,0.0,0.0,0.0,0.0,0.0,0.0,0.0
305,0.0,0.0,0.0,0.0,0.0,0.0,0.0,0.0,0.0,0.0,0.0,0.0,0.0,0.0,0.0,0.0,0.0,0.0,0.0,0.0,0.0,0.0,0.0,0.0
306,0.0,0.0,0.0,0.0,0.0,0.0,0.0,0.0,0.0,0.0,0.0,0.0,0.0,0.0,0.0,0.0,0.0,0.0,0.0,0.0,0.0,0.0,0.0,0.0
307,0.0,0.0,0.0,0.0,0.0,0.0,0.0,0.0,0.0,0.0,0.0,0.0,0.0,0.0,0.0,0.0,0.0,0.0,0.0,0.0,0.0,0.0,0.0,0.0
308,0.0,0.0,0.0,0.0,0.0,0.0,0.0,0.0,0.0,0.0,0.0,0.0,0.0,0.0,0.0,0.0,0.0,0.0,0.0,0.0,0.0,0.0,0.0,0.0
309,0.0,0.0,0.0,0.0,0.0,0.0,0.0,0.0,0.0,0.0,0.0,0.0,0.0,0.0,0.0,0.0,0.0,0.0,0.0,0.0,0.0,0.0,0.0,0.0
310,0.0,0.0,0.0,0.0,0.0,0.0,0.0,0.0,0.0,0.0,0.0,0.0,0.0,0.0,0.0,0.0,0.0,0.0,0.0,0.0,0.0,0.0,0.0,0.0
311,0.0,0.0,0.0,0.0,0.0,0.0,0.0,0.0,0.0,0.0,0.0,0.0,0.0,0.0,0.0,0.0,0.0,0.0,0.0,0.0,0.0,0.0,0.0,0.0
312,0.0,0.0,0.0,0.0,0.0,0.0,0.0,0.0,0.0,0.0,0.0,0.0,0.0,0.0,0.0,0.0,0.0,0.0,0.0,0.0,0.0,0.0,0.0,0.0
313,0.0,0.0,0.0,0.0,0.0,0.0,0.0,0.0,0.0,0.0,0.0,0.0,0.0,0.0,0.0,0.0,0.0,0.0,0.0,0.0,0.0,0.0,0.0,0.0
314,0.0,0.0,0.0,0.0,0.0,0.0,0.0,0.0,0.0,0.0,0.0,0.0,0.0,0.0,0.0,0.0,0.0,0.0,0.0,0.0,0.0,0.0,0.0,0.0
315,5.5145,5.0127,4.673,4.4821,4.4753,4.7914,5.361,5.7349,6.0266,5.8329,5.6063,5.6859,5.8954,6.424,7.0219,7.6904,8.3346,9.0452,9.521,9.6019,9.366,9.0278,8.1334,7.0769
316,0.0,0.0,0.0,0.0,0.0,0.0,0.0,0.0,0.0,0.0,0.0,0.0,0.0,0.0,0.0,0.0,0.0,0.0,0.0,0.0,0.0,0.0,0.0,0.0
317,0.0,0.0,0.0,0.0,0.0,0.0,0.0,0.0,0.0,0.0,0.0,0.0,0.0,0.0,0.0,0.0,0.0,0.0,0.0,0.0,0.0,0.0,0.0,0.0
318,0.0,0.0,0.0,0.0,0.0,0.0,0.0,0.0,0.0,0.0,0.0,0.0,0.0,0.0,0.0,0.0,0.0,0.0,0.0,0.0,0.0,0.0,0.0,0.0
319,0.0,0.0,0.0,0.0,0.0,0.0,0.0,0.0,0.0,0.0,0.0,0.0,0.0,0.0,0.0,0.0,0.0,0.0,0.0,0.0,0.0,0.0,0.0,0.0
320,0.0,0.0,0.0,0.0,0.0,0.0,0.0,0.0,0.0,0.0,0.0,0.0,0.0,0.0,0.0,0.0,0.0,0.0,0.0,0.0,0.0,0.0,0.0,0.0
321,0.0,0.0,0.0,0.0,0.0,0.0,0.0,0.0,0.0,0.0,0.0,0.0,0.0,0.0,0.0,0.0,0.0,0.0,0.0,0.0,0.0,0.0,0.0,0.0
322,0.0,0.0,0.0,0.0,0.0,0.0,0.0,0.0,0.0,0.0,0.0,0.0,0.0,0.0,0.0,0.0,0.0,0.0,0.0,0.0,0.0,0.0,0.0,0.0
323,0.0,0.0,0.0,0.0,0.0,0.0,0.0,0.0,0.0,0.0,0.0,0.0,0.0,0.0,0.0,0.0,0.0,0.0,0.0,0.0,0.0,0.0,0.0,0.0
324,0.0,0.0,0.0,0.0,0.0,0.0,0.0,0.0,0.0,0.0,0.0,0.0,0.0,0.0,0.0,0.0,0.0,0.0,0.0,0.0,0.0,0.0,0.0,0.0
325,0.0,0.0,0.0,0.0,0.0,0.0,0.0,0.0,0.0,0.0,0.0,0.0,0.0,0.0,0.0,0.0,0.0,0.0,0.0,0.0,0.0,0.0,0.0,0.0
326,0.0,0.0,0.0,0.0,0.0,0.0,0.0,0.0,0.0,0.0,0.0,0.0,0.0,0.0,0.0,0.0,0.0,0.0,0.0,0.0,0.0,0.0,0.0,0.0
327,0.0,0.0,0.0,0.0,0.0,0.0,0.0,0.0,0.0,0.0,0.0,0.0,0.0,0.0,0.0,0.0,0.0,0.0,0.0,0.0,0.0,0.0,0.0,0.0
328,0.0,0.0,0.0,0.0,0.0,0.0,0.0,0.0,0.0,0.0,0.0,0.0,0.0,0.0,0.0,0.0,0.0,0.0,0.0,0.0,0.0,0.0,0.0,0.0
329,0.0,0.0,0.0,0.0,0.0,0.0,0.0,0.0,0.0,0.0,0.0,0.0,0.0,0.0,0.0,0.0,0.0,0.0,0.0,0.0,0.0,0.0,0.0,0.0
330,0.0,0.0,0.0,0.0,0.0,0.0,0.0,0.0,0.0,0.0,0.0,0.0,0.0,0.0,0.0,0.0,0.0,0.0,0.0,0.0,0.0,0.0,0.0,0.0
331,0.0,0.0,0.0,0.0,0.0,0.0,0.0,0.0,0.0,0.0,0.0,0.0,0.0,0.0,0.0,0.0,0.0,0.0,0.0,0.0,0.0,0.0,0.0,0.0
332,0.0,0.0,0.0,0.0,0.0,0.0,0.0,0.0,0.0,0.0,0.0,0.0,0.0,0.0,0.0,0.0,0.0,0.0,0.0,0.0,0.0,0.0,0.0,0.0
333,0.0,0.0,0.0,0.0,0.0,0.0,0.0,0.0,0.0,0.0,0.0,0.0,0.0,0.0,0.0,0.0,0.0,0.0,0.0,0.0,0.0,0.0,0.0,0.0
334,0.0,0.0,0.0,0.0,0.0,0.0,0.0,0.0,0.0,0.0,0.0,0.0,0.0,0.0,0.0,0.0,0.0,0.0,0.0,0.0,0.0,0.0,0.0,0.0
335,0.0,0.0,0.0,0.0,0.0,0.0,0.0,0.0,0.0,0.0,0.0,0.0,0.0,0.0,0.0,0.0,0.0,0.0,0.0,0.0,0.0,0.0,0.0,0.0
336,0.0,0.0,0.0,0.0,0.0,0.0,0.0,0.0,0.0,0.0,0.0,0.0,0.0,0.0,0.0,0.0,0.0,0.0,0.0,0.0,0.0,0.0,0.0,0.0
337,0.0,0.0,0.0,0.0,0.0,0.0,0.0,0.0,0.0,0.0,0.0,0.0,0.0,0.0,0.0,0.0,0.0,0.0,0.0,0.0,0.0,0.0,0.0,0.0
338,0.0,0.0,0.0,0.0,0.0,0.0,0.0,0.0,0.0,0.0,0.0,0.0,0.0,0.0,0.0,0.0,0.0,0.0,0.0,0.0,0.0,0.0,0.0,0.0
339,0.0,0.0,0.0,0.0,0.0,0.0,0.0,0.0,0.0,0.0,0.0,0.0,0.0,0.0,0.0,0.0,0.0,0.0,0.0,0.0,0.0,0.0,0.0,0.0
340,0.0,0.0,0.0,0.0,0.0,0.0,0.0,0.0,0.0,0.0,0.0,0.0,0.0,0.0,0.0,0.0,0.0,0.0,0.0,0.0,0.0,0.0,0.0,0.0
341,0.0,0.0,0.0,0.0,0.0,0.0,0.0,0.0,0.0,0.0,0.0,0.0,0.0,0.0,0.0,0.0,0.0,0.0,0.0,0.0,0.0,0.0,0.0,0.0
342,0.0,0.0,0.0,0.0,0.0,0.0,0.0,0.0,0.0,0.0,0.0,0.0,0.0,0.0,0.0,0.0,0.0,0.0,0.0,0.0,0.0,0.0,0.0,0.0
343,0.0,0.0,0.0,0.0,0.0,0.0,0.0,0.0,0.0,0.0,0.0,0.0,0.0,0.0,0.0,0.0,0.0,0.0,0.0,0.0,0.0,0.0,0.0,0.0
344,0.0,0.0,0.0,0.0,0.0,0.0,0.0,0.0,0.0,0.0,0.0,0.0,0.0,0.0,0.0,0.0,0.0,0.0,0.0,0.0,0.0,0.0,0.0,0.0
345,0.0,0.0,0.0,0.0,0.0,0.0,0.0,0.0,0.0,0.0,0.0,0.0,0.0,0.0,0.0,0.0,0.0,0.0,0.0,0.0,0.0,0.0,0.0,0.0
346,0.0,0.0,0.0,0.0,0.0,0.0,0.0,0.0,0.0,0.0,0.0,0.0,0.0,0.0,0.0,0.0,0.0,0.0,0.0,0.0,0.0,0.0,0.0,0.0
347,0.0,0.0,0.0,0.0,0.0,0.0,0.0,0.0,0.0,0.0,0.0,0.0,0.0,0.0,0.0,0.0,0.0,0.0,0.0,0.0,0.0,0.0,0.0,0.0
348,0.0,0.0,0.0,0.0,0.0,0.0,0.0,0.0,0.0,0.0,0.0,0.0,0.0,0.0,0.0,0.0,0.0,0.0,0.0,0.0,0.0,0.0,0.0,0.0
349,0.0,0.0,0.0,0.0,0.0,0.0,0.0,0.0,0.0,0.0,0.0,0.0,0.0,0.0,0.0,0.0,0.0,0.0,0.0,0.0,0.0,0.0,0.0,0.0
350,0.796,0.7361,0.6946,0.6713,0.6697,0.7074,0.7795,0.8295,0.8693,0.8628,0.8489,0.8675,0.9007,0.9675,1.0432,1.1239,1.1975,1.2736,1.3173,1.3156,1.2799,1.2313,1.1175,0.9872
351,0.0,0.0,0.0,0.0,0.0,0.0,0.0,0.0,0.0,0.0,0.0,0.0,0.0,0.0,0.0,0.0,0.0,0.0,0.0,0.0,0.0,0.0,0.0,0.0
352,4.2265,3.7915,3.5006,3.337,3.3344,3.6086,4.0861,4.3888,4.6217,4.3864,4.1369,4.1688,4.3176,4.7612,5.2625,5.8385,6.4107,7.0626,7.5279,7.6443,7.4702,7.2098,6.4625,5.5629
353,12.7891,12.3688,12.0308,11.843,11.7889,12.0514,12.7682,13.3975,13.9375,14.7687,15.362,15.9744,16.6345,17.2939,18.046,18.6573,18.9944,19.0605,18.6801,18.0654,17.4194,16.6522,15.489,14.3638
354,3.029,2.6805,2.4498,2.3199,2.32,2.5397,2.9118,3.1405,3.3141,3.0822,2.8481,2.8499,2.9479,3.2938,3.6844,4.1436,4.6108,5.1562,5.563,5.6861,5.5662,5.3787,4.7982,4.088
355,5.0874,4.6668,4.379,4.2173,4.2089,4.4737,4.9648,5.2963,5.5576,5.4517,5.3064,5.4041,5.6073,6.0628,6.5783,7.1415,7.67,8.2356,8.5901,8.6191,8.3958,8.0848,7.3115,6.4122
356,0.0,0.0,0.0,0.0,0.0,0.0,0.0,0.0,0.0,0.0,0.0,0.0,0.0,0.0,0.0,0.0,0.0,0.0,0.0,0.0,0.0,0.0,0.0,0.0
357,0.0,0.0,0.0,0.0,0.0,0.0,0.0,0.0,0.0,0.0,0.0,0.0,0.0,0.0,0.0,0.0,0.0,0.0,0.0,0.0,0.0,0.0,0.0,0.0
358,0.0,0.0,0.0,0.0,0.0,0.0,0.0,0.0,0.0,0.0,0.0,0.0,0.0,0.0,0.0,0.0,0.0,0.0,0.0,0.0,0.0,0.0,0.0,0.0
359,1.4574,1.2489,1.1132,1.0367,1.0389,1.1704,1.3826,1.5057,1.5968,1.4149,1.2408,1.2182,1.2558,1.4533,1.6761,1.9486,2.2369,2.5862,2.8634,2.9666,2.9143,2.8232,2.4938,2.0794
360,0.0,0.0,0.0,0.0,0.0,0.0,0.0,0.0,0.0,0.0,0.0,0.0,0.0,0.0,0.0,0.0,0.0,0.0,0.0,0.0,0.0,0.0,0.0,0.0
361,1.4546,1.3314,1.2473,1.2,1.1978,1.2754,1.4182,1.514,1.5893,1.5538,1.5077,1.5339,1.5913,1.7239,1.8738,2.0387,2.1945,2.3626,2.47,2.4815,2.418,2.329,2.1042,1.8417
362,8.6354,8.4138,8.2232,8.1178,8.078,8.2159,8.6493,9.0543,9.4075,10.0759,10.5701,11.0195,11.4797,11.8775,12.3323,12.6665,12.7973,12.7095,12.3284,11.8463,11.4018,10.8853,10.176,9.5272
363,0.0,0.0,0.0,0.0,0.0,0.0,0.0,0.0,0.0,0.0,0.0,0.0,0.0,0.0,0.0,0.0,0.0,0.0,0.0,0.0,0.0,0.0,0.0,0.0
364,0.0,0.0,0.0,0.0,0.0,0.0,0.0,0.0,0.0,0.0,0.0,0.0,0.0,0.0,0.0,0.0,0.0,0.0,0.0,0.0,0.0,0.0,0.0,0.0
365,21.1804,20.7947,20.4227,20.2181,20.1125,20.3508,21.2856,22.2285,23.0658,24.9769,26.4266,27.6196,28.7854,29.6409,30.6215,31.242,31.3172,30.7661,29.5165,28.1637,27.0525,25.7892,24.2431,22.9328
366,0.5366,0.4598,0.4098,0.3817,0.3825,0.4309,0.509,0.5543,0.5879,0.5209,0.4568,0.4485,0.4623,0.5351,0.6171,0.7174,0.8235,0.9521,1.0542,1.0922,1.0729,1.0394,0.9181,0.7656
367,0.0,0.0,0.0,0.0,0.0,0.0,0.0,0.0,0.0,0.0,0.0,0.0,0.0,0.0,0.0,0.0,0.0,0.0,0.0,0.0,0.0,0.0,0.0,0.0
368,0.0,0.0,0.0,0.0,0.0,0.0,0.0,0.0,0.0,0.0,0.0,0.0,0.0,0.0,0.0,0.0,0.0,0.0,0.0,0.0,0.0,0.0,0.0,0.0
369,0.0,0.0,0.0,0.0,0.0,0.0,0.0,0.0,0.0,0.0,0.0,0.0,0.0,0.0,0.0,0.0,0.0,0.0,0.0,0.0,0.0,0.0,0.0,0.0
370,0.0,0.0,0.0,0.0,0.0,0.0,0.0,0.0,0.0,0.0,0.0,0.0,0.0,0.0,0.0,0.0,0.0,0.0,0.0,0.0,0.0,0.0,0.0,0.0
371,13.9353,12.5305,11.5893,11.0599,11.0499,11.9351,13.4857,14.4744,15.2367,14.5116,13.7333,13.8556,14.3531,15.7931,17.4207,19.2826,21.1234,23.2102,24.6855,25.0374,24.4595,23.6015,21.1738,18.2603
372,0.0,0.0,0.0,0.0,0.0,0.0,0.0,0.0,0.0,0.0,0.0,0.0,0.0,0.0,0.0,0.0,0.0,0.0,0.0,0.0,0.0,0.0,0.0,0.0
373,4.0176,3.8823,3.7742,3.7141,3.6973,3.7818,4.0096,4.2083,4.3785,4.6341,4.8156,5.0062,5.2128,5.4224,5.6614,5.8575,5.9684,5.9959,5.8828,5.6932,5.4907,5.2496,4.8802,4.5211
374,11.8234,11.3458,10.9795,10.7753,10.7299,11.0289,11.7639,12.3742,12.8898,13.5049,13.9195,14.4344,15.0238,15.7012,16.4725,17.1501,17.6002,17.8507,17.6767,17.2045,16.6191,15.9078,14.7233,13.5244
375,0.0,0.0,0.0,0.0,0.0,0.0,0.0,0.0,0.0,0.0,0.0,0.0,0.0,0.0,0.0,0.0,0.0,0.0,0.0,0.0,0.0,0.0,0.0,0.0
376,11.9341,11.6931,11.4692,11.3458,11.2875,11.4367,11.9827,12.5216,12.9977,14.0337,14.8149,15.4735,16.1248,16.6249,17.1976,17.5772,17.6564,17.3963,16.7395,16.0029,15.3799,14.6675,13.7673,12.9868
377,0.0,0.0,0.0,0.0,0.0,0.0,0.0,0.0,0.0,0.0,0.0,0.0,0.0,0.0,0.0,0.0,0.0,0.0,0.0,0.0,0.0,0.0,0.0,0.0
378,16.9905,16.1188,15.4801,15.1231,15.0675,15.6145,16.8214,17.7578,18.5327,19.0972,19.4139,20.0472,20.8507,21.9655,23.2321,24.4401,25.3755,26.13,26.25,25.7716,24.955,23.9286,21.9992,19.9459
379,9.3651,8.7511,8.3183,8.0757,8.0519,8.4379,9.2117,9.7705,10.2222,10.3034,10.277,10.5492,10.9609,11.6771,12.4892,13.3236,14.0471,14.7471,15.0798,14.9601,14.5278,13.9589,12.7318,11.3621
380,0.0,0.0,0.0,0.0,0.0,0.0,0.0,0.0,0.0,0.0,0.0,0.0,0.0,0.0,0.0,0.0,0.0,0.0,0.0,0.0,0.0,0.0,0.0,0.0
381,5.3089,5.0352,4.8349,4.7229,4.7055,4.8773,5.2555,5.5485,5.7909,5.965,6.0619,6.2591,6.5098,6.8592,7.2561,7.6352,7.9295,8.1681,8.2083,8.0602,7.8052,7.4845,6.88,6.236
382,0.0,0.0,0.0,0.0,0.0,0.0,0.0,0.0,0.0,0.0,0.0,0.0,0.0,0.0,0.0,0.0,0.0,0.0,0.0,0.0,0.0,0.0,0.0,0.0
383,0.0,0.0,0.0,0.0,0.0,0.0,0.0,0.0,0.0,0.0,0.0,0.0,0.0,0.0,0.0,0.0,0.0,0.0,0.0,0.0,0.0,0.0,0.0,0.0
384,0.0,0.0,0.0,0.0,0.0,0.0,0.0,0.0,0.0,0.0,0.0,0.0,0.0,0.0,0.0,0.0,0.0,0.0,0.0,0.0,0.0,0.0,0.0,0.0
385,0.0,0.0,0.0,0.0,0.0,0.0,0.0,0.0,0.0,0.0,0.0,0.0,0.0,0.0,0.0,0.0,0.0,0.0,0.0,0.0,0.0,0.0,0.0,0.0
386,4.3234,4.0782,3.9016,3.8028,3.7898,3.9438,4.2699,4.5156,4.7171,4.8205,4.866,5.0137,5.2127,5.5141,5.8564,6.1932,6.4676,6.7093,6.7865,6.6899,6.4853,6.2235,5.704,5.1398
387,0.0,0.0,0.0,0.0,0.0,0.0,0.0,0.0,0.0,0.0,0.0,0.0,0.0,0.0,0.0,0.0,0.0,0.0,0.0,0.0,0.0,0.0,0.0,0.0
388,0.0,0.0,0.0,0.0,0.0,0.0,0.0,0.0,0.0,0.0,0.0,0.0,0.0,0.0,0.0,0.0,0.0,0.0,0.0,0.0,0.0,0.0,0.0,0.0
389,0.0,0.0,0.0,0.0,0.0,0.0,0.0,0.0,0.0,0.0,0.0,0.0,0.0,0.0,0.0,0.0,0.0,0.0,0.0,0.0,0.0,0.0,0.0,0.0
390,0.0,0.0,0.0,0.0,0.0,0.0,0.0,0.0,0.0,0.0,0.0,0.0,0.0,0.0,0.0,0.0,0.0,0.0,0.0,0.0,0.0,0.0,0.0,0.0
391,0.0,0.0,0.0,0.0,0.0,0.0,0.0,0.0,0.0,0.0,0.0,0.0,0.0,0.0,0.0,0.0,0.0,0.0,0.0,0.0,0.0,0.0,0.0,0.0
392,4.9302,4.7107,4.5456,4.4535,4.4356,4.5732,4.8962,5.1572,5.376,5.5973,5.7395,5.9425,6.1835,6.4815,6.8205,7.1288,7.3483,7.4961,7.4642,7.2893,7.0479,6.7509,6.232,5.6957
393,0.0,0.0,0.0,0.0,0.0,0.0,0.0,0.0,0.0,0.0,0.0,0.0,0.0,0.0,0.0,0.0,0.0,0.0,0.0,0.0,0.0,0.0,0.0,0.0
394,0.0,0.0,0.0,0.0,0.0,0.0,0.0,0.0,0.0,0.0,0.0,0.0,0.0,0.0,0.0,0.0,0.0,0.0,0.0,0.0,0.0,0.0,0.0,0.0
395,0.0,0.0,0.0,0.0,0.0,0.0,0.0,0.0,0.0,0.0,0.0,0.0,0.0,0.0,0.0,0.0,0.0,0.0,0.0,0.0,0.0,0.0,0.0,0.0
396,0.0,0.0,0.0,0.0,0.0,0.0,0.0,0.0,0.0,0.0,0.0,0.0,0.0,0.0,0.0,0.0,0.0,0.0,0.0,0.0,0.0,0.0,0.0,0.0
397,0.0,0.0,0.0,0.0,0.0,0.0,0.0,0.0,0.0,0.0,0.0,0.0,0.0,0.0,0.0,0.0,0.0,0.0,0.0,0.0,0.0,0.0,0.0,0.0
398,0.0,0.0,0.0,0.0,0.0,0.0,0.0,0.0,0.0,0.0,0.0,0.0,0.0,0.0,0.0,0.0,0.0,0.0,0.0,0.0,0.0,0.0,0.0,0.0
399,0.0,0.0,0.0,0.0,0.0,0.0,0.0,0.0,0.0,0.0,0.0,0.0,0.0,0.0,0.0,0.0,0.0,0.0,0.0,0.0,0.0,0.0,0.0,0.0
400,0.0,0.0,0.0,0.0,0.0,0.0,0.0,0.0,0.0,0.0,0.0,0.0,0.0,0.0,0.0,0.0,0.0,0.0,0.0,0.0,0.0,0.0,0.0,0.0
401,4.8408,4.4767,4.2247,4.0833,4.0734,4.3025,4.7405,5.0443,5.2863,5.2478,5.1638,5.2776,5.4794,5.8853,6.345,6.8353,7.282,7.7433,8.0085,7.9971,7.7799,7.4847,6.7932,6.0019
402,0.0,0.0,0.0,0.0,0.0,0.0,0.0,0.0,0.0,0.0,0.0,0.0,0.0,0.0,0.0,0.0,0.0,0.0,0.0,0.0,0.0,0.0,0.0,0.0
403,0.0,0.0,0.0,0.0,0.0,0.0,0.0,0.0,0.0,0.0,0.0,0.0,0.0,0.0,0.0,0.0,0.0,0.0,0.0,0.0,0.0,0.0,0.0,0.0
404,0.0,0.0,0.0,0.0,0.0,0.0,0.0,0.0,0.0,0.0,0.0,0.0,0.0,0.0,0.0,0.0,0.0,0.0,0.0,0.0,0.0,0.0,0.0,0.0
405,0.0,0.0,0.0,0.0,0.0,0.0,0.0,0.0,0.0,0.0,0.0,0.0,0.0,0.0,0.0,0.0,0.0,0.0,0.0,0.0,0.0,0.0,0.0,0.0
406,13.176,12.3882,11.8254,11.5102,11.4728,11.9677,12.9945,13.7564,14.3779,14.6232,14.7007,15.1275,15.7245,16.6741,17.7517,18.8295,19.7288,20.5517,20.8677,20.6172,19.9989,19.2003,17.5671,15.7757
407,0.0,0.0,0.0,0.0,0.0,0.0,0.0,0.0,0.0,0.0,0.0,0.0,0.0,0.0,0.0,0.0,0.0,0.0,0.0,0.0,0.0,0.0,0.0,0.0
408,0.0,0.0,0.0,0.0,0.0,0.0,0.0,0.0,0.0,0.0,0.0,0.0,0.0,0.0,0.0,0.0,0.0,0.0,0.0,0.0,0.0,0.0,0.0,0.0
409,0.0,0.0,0.0,0.0,0.0,0.0,0.0,0.0,0.0,0.0,0.0,0.0,0.0,0.0,0.0,0.0,0.0,0.0,0.0,0.0,0.0,0.0,0.0,0.0
410,0.0,0.0,0.0,0.0,0.0,0.0,0.0,0.0,0.0,0.0,0.0,0.0,0.0,0.0,0.0,0.0,0.0,0.0,0.0,0.0,0.0,0.0,0.0,0.0
411,0.0,0.0,0.0,0.0,0.0,0.0,0.0,0.0,0.0,0.0,0.0,0.0,0.0,0.0,0.0,0.0,0.0,0.0,0.0,0.0,0.0,0.0,0.0,0.0
412,0.0,0.0,0.0,0.0,0.0,0.0,0.0,0.0,0.0,0.0,0.0,0.0,0.0,0.0,0.0,0.0,0.0,0.0,0.0,0.0,0.0,0.0,0.0,0.0
413,0.0,0.0,0.0,0.0,0.0,0.0,0.0,0.0,0.0,0.0,0.0,0.0,0.0,0.0,0.0,0.0,0.0,0.0,0.0,0.0,0.0,0.0,0.0,0.0
414,0.0,0.0,0.0,0.0,0.0,0.0,0.0,0.0,0.0,0.0,0.0,0.0,0.0,0.0,0.0,0.0,0.0,0.0,0.0,0.0,0.0,0.0,0.0,0.0
415,0.0,0.0,0.0,0.0,0.0,0.0,0.0,0.0,0.0,0.0,0.0,0.0,0.0,0.0,0.0,0.0,0.0,0.0,0.0,0.0,0.0,0.0,0.0,0.0
416,0.0,0.0,0.0,0.0,0.0,0.0,0.0,0.0,0.0,0.0,0.0,0.0,0.0,0.0,0.0,0.0,0.0,0.0,0.0,0.0,0.0,0.0,0.0,0.0
417,0.0,0.0,0.0,0.0,0.0,0.0,0.0,0.0,0.0,0.0,0.0,0.0,0.0,0.0,0.0,0.0,0.0,0.0,0.0,0.0,0.0,0.0,0.0,0.0
418,3.256,2.8102,2.5192,2.3551,2.3588,2.6401,3.098,3.3666,3.5663,3.1944,2.8356,2.7964,2.8851,3.3112,3.7919,4.3755,4.9886,5.7264,6.3058,6.5149,6.3955,6.1924,5.481,4.5907
419,0.0,0.0,0.0,0.0,0.0,0.0,0.0,0.0,0.0,0.0,0.0,0.0,0.0,0.0,0.0,0.0,0.0,0.0,0.0,0.0,0.0,0.0,0.0,0.0
420,0.0,0.0,0.0,0.0,0.0,0.0,0.0,0.0,0.0,0.0,0.0,0.0,0.0,0.0,0.0,0.0,0.0,0.0,0.0,0.0,0.0,0.0,0.0,0.0
421,0.0,0.0,0.0,0.0,0.0,0.0,0.0,0.0,0.0,0.0,0.0,0.0,0.0,0.0,0.0,0.0,0.0,0.0,0.0,0.0,0.0,0.0,0.0,0.0
422,0.0,0.0,0.0,0.0,0.0,0.0,0.0,0.0,0.0,0.0,0.0,0.0,0.0,0.0,0.0,0.0,0.0,0.0,0.0,0.0,0.0,0.0,0.0,0.0
423,0.0,0.0,0.0,0.0,0.0,0.0,0.0,0.0,0.0,0.0,0.0,0.0,0.0,0.0,0.0,0.0,0.0,0.0,0.0,0.0,0.0,0.0,0.0,0.0
424,0.0,0.0,0.0,0.0,0.0,0.0,0.0,0.0,0.0,0.0,0.0,0.0,0.0,0.0,0.0,0.0,0.0,0.0,0.0,0.0,0.0,0.0,0.0,0.0
425,0.0,0.0,0.0,0.0,0.0,0.0,0.0,0.0,0.0,0.0,0.0,0.0,0.0,0.0,0.0,0.0,0.0,0.0,0.0,0.0,0.0,0.0,0.0,0.0
426,0.0,0.0,0.0,0.0,0.0,0.0,0.0,0.0,0.0,0.0,0.0,0.0,0.0,0.0,0.0,0.0,0.0,0.0,0.0,0.0,0.0,0.0,0.0,0.0
427,0.0,0.0,0.0,0.0,0.0,0.0,0.0,0.0,0.0,0.0,0.0,0.0,0.0,0.0,0.0,0.0,0.0,0.0,0.0,0.0,0.0,0.0,0.0,0.0
428,0.0,0.0,0.0,0.0,0.0,0.0,0.0,0.0,0.0,0.0,0.0,0.0,0.0,0.0,0.0,0.0,0.0,0.0,0.0,0.0,0.0,0.0,0.0,0.0
429,0.0,0.0,0.0,0.0,0.0,0.0,0.0,0.0,0.0,0.0,0.0,0.0,0.0,0.0,0.0,0.0,0.0,0.0,0.0,0.0,0.0,0.0,0.0,0.0
430,0.0,0.0,0.0,0.0,0.0,0.0,0.0,0.0,0.0,0.0,0.0,0.0,0.0,0.0,0.0,0.0,0.0,0.0,0.0,0.0,0.0,0.0,0.0,0.0
431,2.4867,2.3315,2.2212,2.1595,2.1528,2.2504,2.4495,2.5954,2.7139,2.7489,2.7536,2.8303,2.9414,3.1257,3.3347,3.5465,3.7264,3.8958,3.9686,3.9284,3.8126,3.6617,3.3454,2.9956
432,0.0,0.0,0.0,0.0,0.0,0.0,0.0,0.0,0.0,0.0,0.0,0.0,0.0,0.0,0.0,0.0,0.0,0.0,0.0,0.0,0.0,0.0,0.0,0.0
433,0.0,0.0,0.0,0.0,0.0,0.0,0.0,0.0,0.0,0.0,0.0,0.0,0.0,0.0,0.0,0.0,0.0,0.0,0.0,0.0,0.0,0.0,0.0,0.0
434,0.0,0.0,0.0,0.0,0.0,0.0,0.0,0.0,0.0,0.0,0.0,0.0,0.0,0.0,0.0,0.0,0.0,0.0,0.0,0.0,0.0,0.0,0.0,0.0
435,0.0,0.0,0.0,0.0,0.0,0.0,0.0,0.0,0.0,0.0,0.0,0.0,0.0,0.0,0.0,0.0,0.0,0.0,0.0,0.0,0.0,0.0,0.0,0.0
436,0.0,0.0,0.0,0.0,0.0,0.0,0.0,0.0,0.0,0.0,0.0,0.0,0.0,0.0,0.0,0.0,0.0,0.0,0.0,0.0,0.0,0.0,0.0,0.0
437,0.0,0.0,0.0,0.0,0.0,0.0,0.0,0.0,0.0,0.0,0.0,0.0,0.0,0.0,0.0,0.0,0.0,0.0,0.0,0.0,0.0,0.0,0.0,0.0
438,18.7955,18.1323,17.608,17.3164,17.2393,17.6538,18.7442,19.6837,20.4857,21.6288,22.4323,23.3062,24.2657,25.2694,26.4135,27.3695,27.9356,28.1295,27.6612,26.807,25.8636,24.7351,22.9698,21.235
439,0.0,0.0,0.0,0.0,0.0,0.0,0.0,0.0,0.0,0.0,0.0,0.0,0.0,0.0,0.0,0.0,0.0,0.0,0.0,0.0,0.0,0.0,0.0,0.0
440,0.0,0.0,0.0,0.0,0.0,0.0,0.0,0.0,0.0,0.0,0.0,0.0,0.0,0.0,0.0,0.0,0.0,0.0,0.0,0.0,0.0,0.0,0.0,0.0
441,0.0,0.0,0.0,0.0,0.0,0.0,0.0,0.0,0.0,0.0,0.0,0.0,0.0,0.0,0.0,0.0,0.0,0.0,0.0,0.0,0.0,0.0,0.0,0.0
442,0.0,0.0,0.0,0.0,0.0,0.0,0.0,0.0,0.0,0.0,0.0,0.0,0.0,0.0,0.0,0.0,0.0,0.0,0.0,0.0,0.0,0.0,0.0,0.0
443,0.0,0.0,0.0,0.0,0.0,0.0,0.0,0.0,0.0,0.0,0.0,0.0,0.0,0.0,0.0,0.0,0.0,0.0,0.0,0.0,0.0,0.0,0.0,0.0
444,0.0,0.0,0.0,0.0,0.0,0.0,0.0,0.0,0.0,0.0,0.0,0.0,0.0,0.0,0.0,0.0,0.0,0.0,0.0,0.0,0.0,0.0,0.0,0.0
445,0.0,0.0,0.0,0.0,0.0,0.0,0.0,0.0,0.0,0.0,0.0,0.0,0.0,0.0,0.0,0.0,0.0,0.0,0.0,0.0,0.0,0.0,0.0,0.0
446,0.0,0.0,0.0,0.0,0.0,0.0,0.0,0.0,0.0,0.0,0.0,0.0,0.0,0.0,0.0,0.0,0.0,0.0,0.0,0.0,0.0,0.0,0.0,0.0
447,0.0,0.0,0.0,0.0,0.0,0.0,0.0,0.0,0.0,0.0,0.0,0.0,0.0,0.0,0.0,0.0,0.0,0.0,0.0,0.0,0.0,0.0,0.0,0.0
448,0.0,0.0,0.0,0.0,0.0,0.0,0.0,0.0,0.0,0.0,0.0,0.0,0.0,0.0,0.0,0.0,0.0,0.0,0.0,0.0,0.0,0.0,0.0,0.0
449,15.7164,14.3435,13.41,12.8855,12.8632,13.7278,15.3047,16.3521,17.173,16.7194,16.1598,16.4195,17.0301,18.493,20.1482,21.981,23.728,25.6316,26.8734,27.0421,26.3622,25.3995,22.9206,20.0116
450,0.0,0.0,0.0,0.0,0.0,0.0,0.0,0.0,0.0,0.0,0.0,0.0,0.0,0.0,0.0,0.0,0.0,0.0,0.0,0.0,0.0,0.0,0.0,0.0
451,0.0,0.0,0.0,0.0,0.0,0.0,0.0,0.0,0.0,0.0,0.0,0.0,0.0,0.0,0.0,0.0,0.0,0.0,0.0,0.0,0.0,0.0,0.0,0.0
452,0.0,0.0,0.0,0.0,0.0,0.0,0.0,0.0,0.0,0.0,0.0,0.0,0.0,0.0,0.0,0.0,0.0,0.0,0.0,0.0,0.0,0.0,0.0,0.0
453,0.0,0.0,0.0,0.0,0.0,0.0,0.0,0.0,0.0,0.0,0.0,0.0,0.0,0.0,0.0,0.0,0.0,0.0,0.0,0.0,0.0,0.0,0.0,0.0
454,0.0,0.0,0.0,0.0,0.0,0.0,0.0,0.0,0.0,0.0,0.0,0.0,0.0,0.0,0.0,0.0,0.0,0.0,0.0,0.0,0.0,0.0,0.0,0.0
455,0.0,0.0,0.0,0.0,0.0,0.0,0.0,0.0,0.0,0.0,0.0,0.0,0.0,0.0,0.0,0.0,0.0,0.0,0.0,0.0,0.0,0.0,0.0,0.0
456,10.6605,9.7491,9.1279,8.779,8.7628,9.3367,10.3902,11.0943,11.6475,11.374,11.0243,11.2119,11.6307,12.6079,13.7136,14.9318,16.0858,17.3347,18.1374,18.2304,17.7666,17.1141,15.4569,13.5191
457,0.0,0.0,0.0,0.0,0.0,0.0,0.0,0.0,0.0,0.0,0.0,0.0,0.0,0.0,0.0,0.0,0.0,0.0,0.0,0.0,0.0,0.0,0.0,0.0
458,32.5518,30.728,29.4115,28.6749,28.5761,29.7214,32.1586,34.0017,35.5147,36.3315,36.7071,37.8319,39.3354,41.5884,44.1462,46.6544,48.6857,50.4583,50.9949,50.244,48.7,46.7299,42.8451,38.6375
459,0.0,0.0,0.0,0.0,0.0,0.0,0.0,0.0,0.0,0.0,0.0,0.0,0.0,0.0,0.0,0.0,0.0,0.0,0.0,0.0,0.0,0.0,0.0,0.0
460,13.7858,12.6541,11.8792,11.4441,11.4208,12.1332,13.4573,14.3528,15.0596,14.7868,14.4052,14.6747,15.2274,16.4553,17.8451,19.3611,20.7805,22.2957,23.24,23.3097,22.7036,21.8609,19.7754,17.3532
461,0.0,0.0,0.0,0.0,0.0,0.0,0.0,0.0,0.0,0.0,0.0,0.0,0.0,0.0,0.0,0.0,0.0,0.0,0.0,0.0,0.0,0.0,0.0,0.0
462,0.0,0.0,0.0,0.0,0.0,0.0,0.0,0.0,0.0,0.0,0.0,0.0,0.0,0.0,0.0,0.0,0.0,0.0,0.0,0.0,0.0,0.0,0.0,0.0
463,0.0,0.0,0.0,0.0,0.0,0.0,0.0,0.0,0.0,0.0,0.0,0.0,0.0,0.0,0.0,0.0,0.0,0.0,0.0,0.0,0.0,0.0,0.0,0.0
464,0.0,0.0,0.0,0.0,0.0,0.0,0.0,0.0,0.0,0.0,0.0,0.0,0.0,0.0,0.0,0.0,0.0,0.0,0.0,0.0,0.0,0.0,0.0,0.0
465,0.0,0.0,0.0,0.0,0.0,0.0,0.0,0.0,0.0,0.0,0.0,0.0,0.0,0.0,0.0,0.0,0.0,0.0,0.0,0.0,0.0,0.0,0.0,0.0
466,14.8626,14.1356,13.5985,13.2984,13.2479,13.7039,14.7308,15.5385,16.2099,16.7649,17.0954,17.6698,18.3811,19.3292,20.4068,21.4185,22.1815,22.7659,22.7999,22.3431,21.624,20.727,19.0828,17.35
467,0.0,0.0,0.0,0.0,0.0,0.0,0.0,0.0,0.0,0.0,0.0,0.0,0.0,0.0,0.0,0.0,0.0,0.0,0.0,0.0,0.0,0.0,0.0,0.0
468,0.0,0.0,0.0,0.0,0.0,0.0,0.0,0.0,0.0,0.0,0.0,0.0,0.0,0.0,0.0,0.0,0.0,0.0,0.0,0.0,0.0,0.0,0.0,0.0
469,5.2474,4.9404,4.7203,4.5971,4.5818,4.7747,5.1782,5.4794,5.7257,5.835,5.8759,6.0498,6.2891,6.6622,7.0856,7.5064,7.8541,8.1675,8.28,8.173,7.9258,7.6079,6.9657,6.2643
470,0.0,0.0,0.0,0.0,0.0,0.0,0.0,0.0,0.0,0.0,0.0,0.0,0.0,0.0,0.0,0.0,0.0,0.0,0.0,0.0,0.0,0.0,0.0,0.0
471,0.0,0.0,0.0,0.0,0.0,0.0,0.0,0.0,0.0,0.0,0.0,0.0,0.0,0.0,0.0,0.0,0.0,0.0,0.0,0.0,0.0,0.0,0.0,0.0
472,3.8413,3.4691,3.2188,3.078,3.0745,3.309,3.7242,3.9919,4.1993,4.0253,3.8334,3.8758,4.0164,4.4019,4.8377,5.332,5.816,6.3592,6.7358,6.8166,6.6553,6.4191,5.7683,4.9921
473,0.0,0.0,0.0,0.0,0.0,0.0,0.0,0.0,0.0,0.0,0.0,0.0,0.0,0.0,0.0,0.0,0.0,0.0,0.0,0.0,0.0,0.0,0.0,0.0
474,0.0,0.0,0.0,0.0,0.0,0.0,0.0,0.0,0.0,0.0,0.0,0.0,0.0,0.0,0.0,0.0,0.0,0.0,0.0,0.0,0.0,0.0,0.0,0.0
475,38.0912,36.7649,35.7132,35.1283,34.9711,35.7999,37.9952,39.8935,41.5155,43.8629,45.5181,47.2994,49.248,51.2686,53.5721,55.4869,56.6065,56.9615,55.9768,54.2265,52.3122,50.0256,46.4698,42.9859
476,0.0,0.0,0.0,0.0,0.0,0.0,0.0,0.0,0.0,0.0,0.0,0.0,0.0,0.0,0.0,0.0,0.0,0.0,0.0,0.0,0.0,0.0,0.0,0.0
477,12.1615,11.5693,11.1314,10.8868,10.8453,11.2167,12.0548,12.7149,13.2638,13.7225,13.997,14.4685,15.0511,15.8249,16.7044,17.5289,18.1491,18.6216,18.6442,18.2675,17.6788,16.9448,15.6026,14.1895
478,0.0,0.0,0.0,0.0,0.0,0.0,0.0,0.0,0.0,0.0,0.0,0.0,0.0,0.0,0.0,0.0,0.0,0.0,0.0,0.0,0.0,0.0,0.0,0.0
479,0.0,0.0,0.0,0.0,0.0,0.0,0.0,0.0,0.0,0.0,0.0,0.0,0.0,0.0,0.0,0.0,0.0,0.0,0.0,0.0,0.0,0.0,0.0,0.0
480,0.0,0.0,0.0,0.0,0.0,0.0,0.0,0.0,0.0,0.0,0.0,0.0,0.0,0.0,0.0,0.0,0.0,0.0,0.0,0.0,0.0,0.0,0.0,0.0
481,9.7454,8.8907,8.3097,7.9833,7.9696,8.508,9.4886,10.1391,10.6488,10.3616,10.0094,10.1684,10.5462,11.456,12.4853,13.6262,14.7148,15.9026,16.6795,16.7879,16.3668,15.7698,14.2283,12.4183
482,0.0,0.0,0.0,0.0,0.0,0.0,0.0,0.0,0.0,0.0,0.0,0.0,0.0,0.0,0.0,0.0,0.0,0.0,0.0,0.0,0.0,0.0,0.0,0.0
483,0.0,0.0,0.0,0.0,0.0,0.0,0.0,0.0,0.0,0.0,0.0,0.0,0.0,0.0,0.0,0.0,0.0,0.0,0.0,0.0,0.0,0.0,0.0,0.0
484,0.0,0.0,0.0,0.0,0.0,0.0,0.0,0.0,0.0,0.0,0.0,0.0,0.0,0.0,0.0,0.0,0.0,0.0,0.0,0.0,0.0,0.0,0.0,0.0
485,0.0,0.0,0.0,0.0,0.0,0.0,0.0,0.0,0.0,0.0,0.0,0.0,0.0,0.0,0.0,0.0,0.0,0.0,0.0,0.0,0.0,0.0,0.0,0.0
486,18.1854,16.9379,16.0641,15.5741,15.5308,16.3153,17.8627,18.9655,19.8528,19.9153,19.7811,20.2778,21.0642,22.4971,24.1212,25.8112,27.3018,28.7786,29.5347,29.3619,28.5298,27.4238,24.9734,22.2153
487,0.0,0.0,0.0,0.0,0.0,0.0,0.0,0.0,0.0,0.0,0.0,0.0,0.0,0.0,0.0,0.0,0.0,0.0,0.0,0.0,0.0,0.0,0.0,0.0
488,1.8708,1.7024,1.5884,1.5242,1.5219,1.6279,1.8196,1.9458,2.0444,1.982,1.908,1.9361,2.0076,2.1855,2.3867,2.611,2.8266,3.0636,3.2212,3.2466,3.1663,3.0516,2.7505,2.3955
489,0.0,0.0,0.0,0.0,0.0,0.0,0.0,0.0,0.0,0.0,0.0,0.0,0.0,0.0,0.0,0.0,0.0,0.0,0.0,0.0,0.0,0.0,0.0,0.0
