bus,2018-04-03 00:00:00-05:00,2018-04-03 01:00:00-05:00,2018-04-03 02:00:00-05:00,2018-04-03 03:00:00-05:00,2018-04-03 04:00:00-05:00,2018-04-03 05:00:00-05:00,2018-04-03 06:00:00-05:00,2018-04-03 07:00:00-05:00,2018-04-03 08:00:00-05:00,2018-04-03 09:00:00-05:00,2018-04-03 10:00:00-05:00,2018-04-03 11:00:00-05:00,2018-04-03 12:00:00-05:00,2018-04-03 13:00:00-05:00,2018-04-03 14:00:00-05:00,2018-04-03 15:00:00-05:00,2018-04-03 16:00:00-05:00,2018-04-03 17:00:00-05:00,2018-04-03 18:00:00-05:00,2018-04-03 19:00:00-05:00,2018-04-03 20:00:00-05:00,2018-04-03 21:00:00-05:00,2018-04-03 22:00:00-05:00,2018-04-03 23:00:00-05:00
1,13.9023,12.6367,12.2235,11.8919,11.9652,12.7863,14.5443,15.7435,15.8825,15.693,15.131,14.5946,14.2112,14.1127,13.8022,13.8173,14.0545,14.9574,15.9557,17.3401,18.7219,18.1437,16.8403,15.0084
2,6.2525,5.7466,5.5863,5.4577,5.491,5.8165,6.5157,7.0311,7.1371,7.1115,6.9284,6.7509,6.6117,6.5798,6.4675,6.4606,6.5245,6.8309,7.1595,7.6211,8.1172,7.8812,7.3652,6.6596
3,19.8443,17.6901,16.9597,16.3734,16.4764,17.8892,20.9008,22.7442,22.7041,22.1057,20.9204,19.8049,19.0743,18.8662,18.2722,18.3695,18.9425,20.7795,22.866,25.7272,28.3883,27.4309,25.1849,21.9199
4,15.9507,14.4529,13.9604,13.5651,13.6489,14.6226,16.7057,18.0989,18.2271,17.9665,17.2713,16.61,16.1459,16.0241,15.648,15.6753,15.9782,17.0862,18.3186,20.0233,21.6993,21.0185,19.4723,17.2851
5,0.0,0.0,0.0,0.0,0.0,0.0,0.0,0.0,0.0,0.0,0.0,0.0,0.0,0.0,0.0,0.0,0.0,0.0,0.0,0.0,0.0,0.0,0.0,0.0
6,7.3862,6.8101,6.6295,6.4846,6.524,6.8936,7.6884,8.2891,8.4291,8.4192,8.2267,8.0387,7.8857,7.8522,7.7289,7.716,7.777,8.1049,8.452,8.9423,9.4857,9.2151,8.6294,7.8362
7,27.5723,24.6522,23.667,22.8762,23.0196,24.9319,29.0106,31.5442,31.5387,30.7762,29.21,27.7337,26.7571,26.4823,25.6886,25.8079,26.5547,28.9917,31.7516,35.5407,39.0932,37.7908,34.7512,30.3516
8,10.2096,9.357,9.0846,8.8661,8.9203,9.47,10.6501,11.5017,11.6565,11.5898,11.2617,10.9452,10.704,10.6467,10.4519,10.4463,10.5687,11.1106,11.6976,12.5187,13.3813,12.9858,12.1138,10.9121
9,1.919,1.6919,1.6137,1.5509,1.5607,1.7104,2.0287,2.2141,2.1973,2.1218,1.9864,1.8596,1.7791,1.7553,1.6897,1.7032,1.7713,1.9786,2.2161,2.5406,2.8352,2.7355,2.4974,2.1466
10,9.4682,8.2808,7.8678,7.5363,7.5847,8.3692,10.0365,10.9764,10.8479,10.4119,9.6707,8.9779,8.5452,8.415,8.0624,8.1435,8.5245,9.6524,10.9515,12.7226,14.3083,13.7909,12.5424,10.6864
11,17.8416,16.5781,16.1937,15.8853,15.9811,16.785,18.52,19.9226,20.3484,20.4455,20.1215,19.7963,19.4943,19.4381,19.196,19.1369,19.1979,19.788,20.3828,21.2411,22.2999,21.6949,20.422,18.7456
12,0.0,0.0,0.0,0.0,0.0,0.0,0.0,0.0,0.0,0.0,0.0,0.0,0.0,0.0,0.0,0.0,0.0,0.0,0.0,0.0,0.0,0.0,0.0,0.0
13,0.0,0.0,0.0,0.0,0.0,0.0,0.0,0.0,0.0,0.0,0.0,0.0,0.0,0.0,0.0,0.0,0.0,0.0,0.0,0.0,0.0,0.0,0.0,0.0
14,1.267,1.1571,1.1216,1.0932,1.0999,1.1709,1.3233,1.4305,1.4469,1.4348,1.3896,1.3462,1.3141,1.3062,1.2802,1.2804,1.2984,1.3721,1.4527,1.565,1.6802,1.6296,1.5168,1.36
15,0.0,0.0,0.0,0.0,0.0,0.0,0.0,0.0,0.0,0.0,0.0,0.0,0.0,0.0,0.0,0.0,0.0,0.0,0.0,0.0,0.0,0.0,0.0,0.0
16,3.0423,2.7078,2.5941,2.5029,2.5186,2.7382,3.206,3.4902,3.4812,3.3854,3.199,3.0238,2.9095,2.8768,2.7839,2.7997,2.8904,3.1787,3.5067,3.9561,4.3725,4.2241,3.8751,3.3666
17,0.0,0.0,0.0,0.0,0.0,0.0,0.0,0.0,0.0,0.0,0.0,0.0,0.0,0.0,0.0,0.0,0.0,0.0,0.0,0.0,0.0,0.0,0.0,0.0
18,6.4398,5.9226,5.7591,5.628,5.6622,5.9948,6.7093,7.2387,7.3505,7.3278,7.1435,6.9646,6.8234,6.7912,6.6773,6.6693,6.7325,7.0419,7.373,7.8384,8.3417,8.1002,7.5729,6.8535
19,8.7693,7.9779,7.72,7.5131,7.5593,8.0725,9.1715,9.9253,10.0177,9.9047,9.5577,9.2263,8.9881,8.9273,8.7344,8.7425,8.8874,9.4461,10.0628,10.9185,11.7765,11.4144,10.5998,9.4572
20,15.9803,14.4732,13.9771,13.579,13.663,14.643,16.7392,18.1375,18.2614,17.9943,17.2907,16.6216,16.1533,16.03,15.6504,15.6792,15.987,17.1073,18.3542,20.0785,21.7703,21.0859,19.5297,17.3263
21,27.0383,24.9111,24.2427,23.7063,23.8504,25.2159,28.1522,30.358,30.8577,30.8044,30.0794,29.3728,28.8031,28.6766,28.2175,28.1743,28.41,29.6392,30.9449,32.7864,34.8118,33.8143,31.6498,28.7119
22,22.9059,20.8989,20.2497,19.7287,19.8498,21.1485,23.9321,25.8785,26.1611,25.9226,25.0827,24.2777,23.6871,23.5401,23.0624,23.0703,23.4083,24.7727,26.2688,28.3507,30.4726,29.5497,27.4887,24.6166
23,17.5878,16.2369,15.8153,15.477,15.571,16.4365,18.2991,19.7216,20.069,20.0653,19.6299,19.2032,18.8499,18.774,18.4896,18.4543,18.5855,19.3334,20.1203,21.2348,22.4873,21.8509,20.4793,18.6296
24,7.4417,6.787,6.575,6.4048,6.4442,6.868,7.7762,8.4096,8.4995,8.4195,8.1437,7.8794,7.6861,7.6378,7.4814,7.4846,7.5962,8.0438,8.535,9.2182,9.9129,9.6121,8.9395,8.0014
25,1.3101,1.2201,1.193,1.1713,1.1784,1.2354,1.3587,1.4606,1.4939,1.5037,1.483,1.462,1.4413,1.4377,1.4211,1.4162,1.4188,1.4576,1.4959,1.5517,1.6238,1.5805,1.4902,1.3724
26,13.3397,12.3396,12.0297,11.7811,11.8524,12.4919,13.8694,14.939,15.2194,15.2396,14.9362,14.6372,14.3821,14.3293,14.1242,14.0921,14.1751,14.7039,15.2542,16.0373,16.9389,16.4655,15.4523,14.095
27,17.1674,16.5713,16.4519,16.3563,16.4515,16.796,17.5705,18.6856,19.5203,20.1982,20.5689,20.8797,20.9156,20.9818,21.0174,20.8258,20.4666,20.0577,19.4511,18.6997,18.4912,18.1445,17.6066,17.152
28,30.4999,28.2362,27.5371,26.9761,27.1393,28.5856,31.7016,34.1385,34.7952,34.8632,34.1951,33.5347,32.9637,32.8474,32.3884,32.31,32.4843,33.6568,34.8711,36.6027,38.6183,37.5447,35.2537,32.1937
29,14.2318,13.3015,13.0262,12.8054,12.8822,13.4698,14.7418,15.8312,16.2241,16.3746,16.2016,16.0203,15.8202,15.7904,15.6309,15.5669,15.5633,15.9118,16.2387,16.7259,17.4169,16.9638,16.0344,14.8422
30,8.5112,7.8286,7.6129,7.4398,7.4851,7.924,8.8671,9.5664,9.7147,9.6857,9.4431,9.2076,9.0214,8.9791,8.8289,8.8181,8.9011,9.3086,9.7443,10.3571,11.0204,10.7015,10.0057,9.0566
31,11.8767,10.9606,10.6744,10.4447,10.5081,11.0952,12.3586,13.3207,13.5527,13.5465,13.2482,12.9562,12.7156,12.6635,12.4698,12.4468,12.5381,13.0492,13.5879,14.3503,15.2038,14.7726,13.8421,12.5858
32,39.1594,37.5743,37.2109,36.9197,37.1357,38.0776,40.1697,42.7985,44.5481,45.8817,46.4791,46.9611,46.9242,47.0316,47.0152,46.6271,45.9596,45.3822,44.4273,43.287,43.2578,42.3814,40.9046,39.4463
33,12.4776,11.9216,11.7852,11.6759,11.7445,12.0799,12.8201,13.677,14.1995,14.5764,14.7107,14.813,14.7744,14.7987,14.7714,14.6588,14.4805,14.3768,14.1694,13.9358,14.0274,13.7287,13.2017,12.6418
34,51.9574,50.2201,49.8858,49.6182,49.9066,50.903,53.1505,56.5,59.0723,61.1867,62.3823,63.3901,63.5339,63.7473,63.8842,63.2897,62.1574,60.8146,58.8516,56.4075,55.6443,54.6203,53.0665,51.8155
35,4.725,4.1881,4.0046,3.8572,3.8816,4.2345,4.9861,5.4341,5.4082,5.2431,4.9346,4.6449,4.4584,4.4042,4.2524,4.2807,4.4333,4.9084,5.4507,6.1927,6.8737,6.6367,6.0754,5.2533
36,1.0917,0.9856,0.9504,0.9222,0.9279,0.9971,1.1448,1.2415,1.2478,1.2266,1.1751,1.1262,1.0926,1.0835,1.0563,1.0589,1.082,1.1635,1.2547,1.3805,1.5023,1.4543,1.3445,1.1881
37,25.2011,22.8506,22.0789,21.4595,21.5921,23.1194,26.3874,28.5826,28.796,28.3995,27.3187,26.2898,25.5651,25.3757,24.7884,24.8281,25.2959,27.0213,28.938,31.5906,34.2069,33.1374,30.7123,27.2864
38,1.287,1.112,1.0504,1.0009,1.0074,1.1235,1.3697,1.5026,1.4758,1.4038,1.2881,1.1802,1.1143,1.0939,1.0401,1.0541,1.115,1.2898,1.4922,1.7675,2.0099,1.9344,1.7497,1.472
39,24.3251,22.1792,21.4839,20.926,21.0545,22.4437,25.4207,27.4931,27.7833,27.5164,26.6085,25.7391,25.1043,24.9454,24.4318,24.4433,24.812,26.2838,27.9001,30.1478,32.4297,31.4441,29.2395,26.1624
40,5.8128,5.3292,5.1749,5.051,5.0819,5.3936,6.0629,6.547,6.6364,6.6002,6.4154,6.237,6.1007,6.0684,5.9583,5.9547,6.0231,6.3288,6.6595,7.1223,7.6098,7.3854,6.8909,6.2102
41,0.0,0.0,0.0,0.0,0.0,0.0,0.0,0.0,0.0,0.0,0.0,0.0,0.0,0.0,0.0,0.0,0.0,0.0,0.0,0.0,0.0,0.0,0.0,0.0
42,0.0,0.0,0.0,0.0,0.0,0.0,0.0,0.0,0.0,0.0,0.0,0.0,0.0,0.0,0.0,0.0,0.0,0.0,0.0,0.0,0.0,0.0,0.0,0.0
43,8.6021,7.8464,7.6018,7.4055,7.4509,7.94,8.9883,9.72,9.8248,9.7333,9.4157,9.1113,8.8885,8.8329,8.6526,8.656,8.7843,9.2999,9.8656,10.6526,11.4534,11.1061,10.3299,9.2475
44,7.8787,7.2481,7.049,6.8893,6.9312,7.3365,8.2075,8.8543,8.9926,8.967,8.744,8.5273,8.3557,8.3168,8.1784,8.1681,8.244,8.619,9.0198,9.5835,10.1949,9.9001,9.2576,8.3816
45,22.6675,21.0948,20.6195,20.2382,20.3601,21.359,23.5164,25.286,25.8493,26.0033,25.6275,25.247,24.8805,24.8153,24.5218,24.4397,24.4952,25.1938,25.8876,26.8954,28.1762,27.42,25.8388,23.7697
46,3.0508,2.6808,2.5529,2.4501,2.4658,2.7098,3.2288,3.5269,3.4941,3.3656,3.1406,2.9301,2.7974,2.7578,2.6497,2.6731,2.7873,3.1309,3.5254,4.064,4.5499,4.388,3.9997,3.4253
47,48.2907,44.0638,42.6969,41.6001,41.8554,44.5903,50.4524,54.5539,55.1529,54.6543,52.8885,51.1958,49.9531,49.644,48.6387,48.6544,49.364,52.2336,55.3793,59.7571,64.2216,62.2776,57.9376,51.8909
48,0.0,0.0,0.0,0.0,0.0,0.0,0.0,0.0,0.0,0.0,0.0,0.0,0.0,0.0,0.0,0.0,0.0,0.0,0.0,0.0,0.0,0.0,0.0,0.0
49,12.6059,11.8344,11.6118,11.4332,11.5015,11.9856,13.0365,13.9816,14.3656,14.5484,14.453,14.3452,14.1956,14.1794,14.0609,13.9928,13.9542,14.1801,14.3699,14.6679,15.176,14.7946,14.0296,13.0716
50,8.5743,8.0188,7.8549,7.7235,7.7698,8.1203,8.8795,9.534,9.7741,9.8695,9.7707,9.6665,9.5486,9.5316,9.4376,9.398,9.3925,9.5946,9.7821,10.0629,10.4694,10.1983,9.6439,8.9349
51,4.1699,3.6693,3.4964,3.3577,3.3791,3.7091,4.4113,4.8168,4.7754,4.6045,4.3026,4.0199,3.8411,3.7881,3.6425,3.6733,3.8261,4.2877,4.8174,5.5407,6.1949,5.9755,5.4503,4.6746
52,16.3775,15.1918,14.8284,14.5369,14.6247,15.3806,17.0108,18.308,18.6811,18.7458,18.4198,18.0952,17.8043,17.7476,17.5141,17.4655,17.539,18.1216,18.717,19.5709,20.5942,20.029,18.8318,17.2444
53,12.556,11.2033,10.7454,10.3778,10.443,11.3297,13.2203,14.3827,14.3645,13.9956,13.2571,12.5617,12.1049,11.9753,11.6039,11.6632,12.0187,13.1647,14.4652,16.2491,17.9124,17.3105,15.9009,13.8545
54,25.1504,23.2601,22.674,22.2037,22.3382,23.5472,26.1509,28.1693,28.6947,28.7284,28.1513,27.5829,27.0995,26.999,26.6103,26.5508,26.7105,27.7147,28.7612,30.2493,31.9584,31.0641,29.1486,26.581
55,13.538,12.2943,11.8874,11.5608,11.6321,12.4395,14.1676,15.3397,15.4673,15.2722,14.7125,14.1789,13.7996,13.7016,13.3943,13.4115,13.65,14.547,15.5405,16.9171,18.285,17.7177,16.436,14.6311
56,12.1633,11.2495,10.9663,10.739,10.804,11.3884,12.647,13.623,13.8774,13.8941,13.6155,13.341,13.1074,13.0589,12.8711,12.8422,12.9192,13.4042,13.9095,14.6281,15.4538,15.0215,14.0956,12.8546
57,17.0805,15.4039,14.847,14.4001,14.4896,15.5826,17.9183,19.4377,19.525,19.1774,18.3529,17.5715,17.0363,16.8917,16.4574,16.5025,16.8759,18.177,19.6351,21.6456,23.5843,22.8277,21.0914,18.6133
58,3.4383,2.9943,2.8391,2.7145,2.732,3.0258,3.6499,3.9961,3.9406,3.7701,3.4868,3.2222,3.0584,3.0086,2.8749,2.9072,3.0542,3.4841,3.9804,4.6563,5.2576,5.0648,4.5972,3.8991
59,23.3737,21.562,20.9951,20.5402,20.665,21.8265,24.3257,26.2223,26.6728,26.6524,26.0556,25.472,24.9939,24.8898,24.5047,24.4614,24.6469,25.6667,26.7437,28.2665,29.9637,29.1117,27.2706,24.7817
60,0.0,0.0,0.0,0.0,0.0,0.0,0.0,0.0,0.0,0.0,0.0,0.0,0.0,0.0,0.0,0.0,0.0,0.0,0.0,0.0,0.0,0.0,0.0,0.0
61,21.5456,18.8773,17.9512,17.2078,17.3179,19.0799,22.8254,24.9514,24.682,23.7216,22.0721,20.5294,19.5627,19.2728,18.4851,18.6623,19.5066,22.0202,24.9122,28.857,32.3985,31.2339,28.4303,24.2696
62,0.0,0.0,0.0,0.0,0.0,0.0,0.0,0.0,0.0,0.0,0.0,0.0,0.0,0.0,0.0,0.0,0.0,0.0,0.0,0.0,0.0,0.0,0.0,0.0
63,12.6009,11.3747,10.9683,10.6421,10.7081,11.507,13.2146,14.3315,14.4033,14.157,13.5605,12.9948,12.6056,12.5011,12.1853,12.2162,12.4845,13.4275,14.4827,15.9386,17.3476,16.7935,15.5245,13.7163
64,11.4326,10.4605,10.1484,9.898,9.9586,10.5863,11.9329,12.8931,13.0545,12.9634,12.5768,12.2048,11.9256,11.858,11.6324,11.6299,11.7786,12.413,13.1033,14.0671,15.0675,14.6181,13.6223,12.2441
65,9.663,8.6945,8.3714,8.1121,8.1626,8.7948,10.145,11.0122,11.0479,10.8324,10.3439,9.8817,9.5684,9.4827,9.2284,9.2582,9.483,10.2506,11.1134,12.3018,13.4381,13.0025,11.9981,10.5587
66,16.7919,15.5352,15.1461,14.8339,14.9237,15.7271,17.4576,18.8032,19.1577,19.1854,18.8061,18.432,18.1122,18.0462,17.789,17.7481,17.8511,18.5129,19.2012,20.1809,21.3111,20.7161,19.4433,17.7392
67,3.6464,3.219,3.0721,2.9541,2.9729,3.2543,3.8532,4.2039,4.1749,4.0352,3.7827,3.546,3.3951,3.3508,3.228,3.2527,3.3792,3.7665,4.2098,4.8158,5.3672,5.1793,4.7317,4.0728
68,2.9576,2.6474,2.5429,2.4591,2.4745,2.6775,3.1106,3.3812,3.3827,3.3038,3.1392,2.9839,2.8807,2.8518,2.768,2.7801,2.8582,3.1148,3.4051,3.8038,4.1788,4.0403,3.7176,3.2513
69,7.3185,6.458,6.162,5.9244,5.9621,6.5287,7.7347,8.4394,8.3794,8.0965,7.5868,7.109,6.8048,6.7153,6.4676,6.5179,6.7737,7.5551,8.45,9.6731,10.7851,10.407,9.5055,8.1781
70,29.4632,28.351,28.1101,27.9171,28.08,28.733,30.191,32.1385,33.51,34.5892,35.1272,35.5708,35.5854,35.6818,35.7043,35.3948,34.8384,34.2772,33.4058,32.3433,32.1621,31.5332,30.5112,29.5643
71,33.7698,31.358,30.6221,30.0317,30.2129,31.7487,35.0622,37.7245,38.5166,38.6811,38.0455,37.4094,36.8271,36.7166,36.2495,36.1421,36.2713,37.4204,38.585,40.2614,42.3059,41.1531,38.7213,35.51
72,7.5721,6.786,6.5219,6.3099,6.3493,6.8635,7.9607,8.6504,8.6598,8.4654,8.0528,7.6634,7.4036,7.3312,7.1201,7.1494,7.3438,7.988,8.7157,9.7158,10.66,10.3083,9.4912,8.3126
73,0.0,0.0,0.0,0.0,0.0,0.0,0.0,0.0,0.0,0.0,0.0,0.0,0.0,0.0,0.0,0.0,0.0,0.0,0.0,0.0,0.0,0.0,0.0,0.0
74,14.6274,13.5202,13.1762,12.9002,12.9784,13.6869,15.2124,16.3892,16.6894,16.7018,16.3576,16.0193,15.7341,15.6741,15.4447,15.4118,15.5099,16.1061,16.7294,17.6146,18.6239,18.1008,16.9782,15.4705
75,0.0,0.0,0.0,0.0,0.0,0.0,0.0,0.0,0.0,0.0,0.0,0.0,0.0,0.0,0.0,0.0,0.0,0.0,0.0,0.0,0.0,0.0,0.0,0.0
76,16.7164,15.5408,15.184,14.8977,14.9875,15.735,17.3487,18.6597,19.0644,19.1631,18.8686,18.5722,18.2936,18.2425,18.0192,17.9621,18.0137,18.5536,19.0952,19.8784,20.8541,20.2904,19.107,17.5516
77,18.9567,17.0244,16.3775,15.8582,15.9572,17.2198,19.9153,21.6287,21.6765,21.2233,20.2295,19.2902,18.6585,18.4842,17.9712,18.0368,18.4994,20.0562,21.8105,24.2239,26.5172,25.6504,23.6441,20.76
78,7.1621,6.6143,6.4436,6.3065,6.3448,6.6957,7.4509,8.0293,8.1724,8.173,7.9982,7.8267,7.6841,7.6536,7.5388,7.5239,7.5758,7.8768,8.1929,8.6409,9.1464,8.8881,8.3321,7.5831
79,26.042,23.5551,22.7341,22.0753,22.212,23.8304,27.2913,29.5816,29.7624,29.2979,28.1172,26.9956,26.2162,26.0092,25.3772,25.4308,25.9533,27.8277,29.9187,32.8074,35.6258,34.4987,31.9283,28.2797
80,25.9887,23.3786,22.5075,21.8084,21.9442,23.6481,27.2871,29.6213,29.7137,29.1292,27.8097,26.5614,25.716,25.4845,24.7981,24.8796,25.4875,27.5602,29.8909,33.1001,36.1668,34.9932,32.2859,28.405
81,0.0,0.0,0.0,0.0,0.0,0.0,0.0,0.0,0.0,0.0,0.0,0.0,0.0,0.0,0.0,0.0,0.0,0.0,0.0,0.0,0.0,0.0,0.0,0.0
82,9.9476,8.8563,8.4856,8.188,8.2395,8.9556,10.4818,11.4102,11.3823,11.0715,10.4648,9.8941,9.5218,9.4153,9.1126,9.1638,9.4588,10.3976,11.4653,12.9287,14.2853,13.801,12.6624,11.0044
83,15.3446,14.0319,13.6099,13.2712,13.3525,14.2005,16.0193,17.3111,17.5222,17.3925,16.8648,16.3576,15.9787,15.8864,15.5802,15.5786,15.7835,16.6474,17.5891,18.9028,20.2613,19.6551,18.3097,16.4452
84,2.3956,2.2368,2.1896,2.1517,2.1646,2.265,2.4824,2.6666,2.7312,2.7545,2.7229,2.6901,2.6553,2.6498,2.622,2.6117,2.6126,2.6748,2.734,2.8217,2.9425,2.8654,2.7064,2.5016
85,15.3851,14.4357,14.1609,13.9404,14.0237,14.6199,15.9138,17.0702,17.5335,17.7493,17.6242,17.4848,17.2982,17.2769,17.1288,17.0474,17.0055,17.2936,17.54,17.9236,18.5592,18.0907,17.1484,15.9646
86,18.7455,17.0324,16.4727,16.0234,16.1222,17.2338,19.6137,21.2332,21.4161,21.1545,20.3895,19.6597,19.1392,19.0053,18.5837,18.6055,18.9297,20.1574,21.5159,23.3992,25.2753,24.4932,22.7284,20.2462
87,1.1467,1.038,1.0022,0.9735,0.9795,1.0502,1.2013,1.3019,1.3104,1.2908,1.2397,1.1912,1.1574,1.1484,1.121,1.1231,1.1456,1.2267,1.3171,1.4421,1.5645,1.5152,1.403,1.244
88,2.251,2.0241,1.9484,1.8875,1.8993,2.0474,2.3638,2.5662,2.5737,2.5223,2.4072,2.2983,2.2246,2.2044,2.1446,2.1519,2.205,2.3858,2.5892,2.8691,3.1363,3.0344,2.799,2.4614
89,17.5162,16.6125,16.3712,16.1777,16.2734,16.8295,18.0466,19.2961,19.9452,20.358,20.4108,20.4304,20.3113,20.3215,20.2298,20.0985,19.9313,19.98,19.9233,19.9089,20.2815,19.8155,18.9391,17.9227
90,10.7153,9.4141,8.964,8.6026,8.6575,9.5159,11.3413,12.3889,12.2726,11.8194,11.0275,10.2863,9.8191,9.68,9.2994,9.3819,9.7844,10.9937,12.3828,14.2789,15.989,15.4196,14.0539,12.0331
91,31.7476,29.2013,28.3967,27.7511,27.9201,29.5571,33.075,35.6835,36.2368,36.1284,35.2236,34.3449,33.6505,33.4925,32.9323,32.8921,33.2017,34.7217,36.3472,38.6333,41.1078,39.9181,37.3227,33.7822
92,16.4416,15.6449,15.4393,15.2745,15.3645,15.8508,16.9187,18.072,18.7166,19.1529,19.2593,19.3297,19.2451,19.2647,19.2009,19.0665,18.8747,18.839,18.6876,18.5426,18.7901,18.3723,17.6069,16.7494
93,1.2825,1.1121,1.0523,1.0043,1.0108,1.1237,1.3633,1.4942,1.4703,1.4022,1.2913,1.1879,1.1243,1.1048,1.0529,1.066,1.124,1.2918,1.4859,1.7501,1.9837,1.91,1.7303,1.4611
94,0.0,0.0,0.0,0.0,0.0,0.0,0.0,0.0,0.0,0.0,0.0,0.0,0.0,0.0,0.0,0.0,0.0,0.0,0.0,0.0,0.0,0.0,0.0,0.0
95,1.6324,1.4713,1.4178,1.3748,1.3833,1.4884,1.7128,1.8583,1.8661,1.8321,1.7524,1.6769,1.6253,1.6113,1.5694,1.5739,1.6102,1.7358,1.8767,2.071,2.2579,2.1852,2.0184,1.78
96,4.7648,4.5969,4.5627,4.5354,4.5618,4.6591,4.8777,5.1882,5.4181,5.6039,5.704,5.7878,5.7964,5.8143,5.8231,5.7705,5.6724,5.5629,5.3993,5.1971,5.1442,5.0471,4.895,4.7641
97,4.9101,4.5466,4.4344,4.3444,4.3707,4.6029,5.1032,5.4952,5.6015,5.6133,5.5067,5.4013,5.3099,5.2913,5.2178,5.205,5.2325,5.4198,5.6136,5.8901,6.2128,6.0403,5.6725,5.1815
98,0.0,0.0,0.0,0.0,0.0,0.0,0.0,0.0,0.0,0.0,0.0,0.0,0.0,0.0,0.0,0.0,0.0,0.0,0.0,0.0,0.0,0.0,0.0,0.0
99,0.5726,0.4924,0.4641,0.4413,0.4442,0.4974,0.6103,0.6703,0.6568,0.6226,0.5685,0.5182,0.4877,0.4782,0.4532,0.46,0.4886,0.57,0.6645,0.7928,0.9052,0.8708,0.786,0.6582
100,0.0,0.0,0.0,0.0,0.0,0.0,0.0,0.0,0.0,0.0,0.0,0.0,0.0,0.0,0.0,0.0,0.0,0.0,0.0,0.0,0.0,0.0,0.0,0.0
101,0.0,0.0,0.0,0.0,0.0,0.0,0.0,0.0,0.0,0.0,0.0,0.0,0.0,0.0,0.0,0.0,0.0,0.0,0.0,0.0,0.0,0.0,0.0,0.0
102,0.0,0.0,0.0,0.0,0.0,0.0,0.0,0.0,0.0,0.0,0.0,0.0,0.0,0.0,0.0,0.0,0.0,0.0,0.0,0.0,0.0,0.0,0.0,0.0
103,0.0,0.0,0.0,0.0,0.0,0.0,0.0,0.0,0.0,0.0,0.0,0.0,0.0,0.0,0.0,0.0,0.0,0.0,0.0,0.0,0.0,0.0,0.0,0.0
104,11.5112,10.8448,10.657,10.5063,10.5688,10.9845,11.889,12.7376,13.1144,13.3174,13.2722,13.2122,13.0957,13.0883,12.9966,12.9261,12.8651,13.0114,13.112,13.2871,13.6755,13.3417,12.6854,11.882
105,0.8733,0.7511,0.7078,0.6731,0.6775,0.7587,0.9309,1.0224,1.0018,0.9496,0.8672,0.7905,0.7439,0.7294,0.6913,0.7016,0.7453,0.8694,1.0135,1.2093,1.3808,1.3282,1.1989,1.0039
106,19.0231,17.6047,17.1661,16.8141,16.9159,17.8224,19.7752,21.2975,21.7028,21.7391,21.3152,20.8968,20.5373,20.4635,20.1744,20.1269,20.24,20.9815,21.7512,22.8476,24.1176,23.4455,22.0094,20.0888
107,0.0,0.0,0.0,0.0,0.0,0.0,0.0,0.0,0.0,0.0,0.0,0.0,0.0,0.0,0.0,0.0,0.0,0.0,0.0,0.0,0.0,0.0,0.0,0.0
108,0.7389,0.6563,0.6281,0.6055,0.6093,0.6636,0.7792,0.8488,0.8456,0.8211,0.7742,0.7303,0.7018,0.6936,0.6704,0.6745,0.6975,0.7697,0.8521,0.9648,1.0687,1.0321,0.9458,0.8197
109,3.5565,3.0586,2.8825,2.7411,2.7591,3.0896,3.7908,4.1635,4.0796,3.867,3.5314,3.219,3.0292,2.9702,2.8153,2.857,3.0351,3.5405,4.1271,4.9244,5.6227,5.4087,4.8823,4.0881
110,0.0,0.0,0.0,0.0,0.0,0.0,0.0,0.0,0.0,0.0,0.0,0.0,0.0,0.0,0.0,0.0,0.0,0.0,0.0,0.0,0.0,0.0,0.0,0.0
111,10.3196,9.2893,8.9459,8.6703,8.7243,9.3966,10.8327,11.7572,11.7981,11.5718,11.0547,10.5652,10.2327,10.142,9.8721,9.9031,10.1404,10.9537,11.8675,13.1262,14.3317,13.868,12.7998,11.2703
112,10.4442,9.5445,9.2548,9.0223,9.0776,9.659,10.9058,11.7874,11.9269,11.8328,11.4669,11.1154,10.8543,10.7903,10.5792,10.5794,10.7231,11.3208,11.9735,12.8833,13.8201,13.4051,12.4826,11.202
113,41.0788,39.119,38.6176,38.2156,38.4408,39.6346,42.2585,45.1285,46.7601,47.8788,48.1782,48.3848,48.1895,48.2444,48.0984,47.7559,47.2562,47.1188,46.6824,46.2426,46.8005,45.7682,43.8897,41.8044
114,0.0,0.0,0.0,0.0,0.0,0.0,0.0,0.0,0.0,0.0,0.0,0.0,0.0,0.0,0.0,0.0,0.0,0.0,0.0,0.0,0.0,0.0,0.0,0.0
115,0.0,0.0,0.0,0.0,0.0,0.0,0.0,0.0,0.0,0.0,0.0,0.0,0.0,0.0,0.0,0.0,0.0,0.0,0.0,0.0,0.0,0.0,0.0,0.0
116,0.0,0.0,0.0,0.0,0.0,0.0,0.0,0.0,0.0,0.0,0.0,0.0,0.0,0.0,0.0,0.0,0.0,0.0,0.0,0.0,0.0,0.0,0.0,0.0
117,0.0,0.0,0.0,0.0,0.0,0.0,0.0,0.0,0.0,0.0,0.0,0.0,0.0,0.0,0.0,0.0,0.0,0.0,0.0,0.0,0.0,0.0,0.0,0.0
118,0.0,0.0,0.0,0.0,0.0,0.0,0.0,0.0,0.0,0.0,0.0,0.0,0.0,0.0,0.0,0.0,0.0,0.0,0.0,0.0,0.0,0.0,0.0,0.0
119,0.0,0.0,0.0,0.0,0.0,0.0,0.0,0.0,0.0,0.0,0.0,0.0,0.0,0.0,0.0,0.0,0.0,0.0,0.0,0.0,0.0,0.0,0.0,0.0
120,0.0,0.0,0.0,0.0,0.0,0.0,0.0,0.0,0.0,0.0,0.0,0.0,0.0,0.0,0.0,0.0,0.0,0.0,0.0,0.0,0.0,0.0,0.0,0.0
121,0.0,0.0,0.0,0.0,0.0,0.0,0.0,0.0,0.0,0.0,0.0,0.0,0.0,0.0,0.0,0.0,0.0,0.0,0.0,0.0,0.0,0.0,0.0,0.0
122,0.0,0.0,0.0,0.0,0.0,0.0,0.0,0.0,0.0,0.0,0.0,0.0,0.0,0.0,0.0,0.0,0.0,0.0,0.0,0.0,0.0,0.0,0.0,0.0
123,0.0,0.0,0.0,0.0,0.0,0.0,0.0,0.0,0.0,0.0,0.0,0.0,0.0,0.0,0.0,0.0,0.0,0.0,0.0,0.0,0.0,0.0,0.0,0.0
124,0.0,0.0,0.0,0.0,0.0,0.0,0.0,0.0,0.0,0.0,0.0,0.0,0.0,0.0,0.0,0.0,0.0,0.0,0.0,0.0,0.0,0.0,0.0,0.0
125,0.0,0.0,0.0,0.0,0.0,0.0,0.0,0.0,0.0,0.0,0.0,0.0,0.0,0.0,0.0,0.0,0.0,0.0,0.0,0.0,0.0,0.0,0.0,0.0
126,0.0,0.0,0.0,0.0,0.0,0.0,0.0,0.0,0.0,0.0,0.0,0.0,0.0,0.0,0.0,0.0,0.0,0.0,0.0,0.0,0.0,0.0,0.0,0.0
127,0.0,0.0,0.0,0.0,0.0,0.0,0.0,0.0,0.0,0.0,0.0,0.0,0.0,0.0,0.0,0.0,0.0,0.0,0.0,0.0,0.0,0.0,0.0,0.0
128,0.0,0.0,0.0,0.0,0.0,0.0,0.0,0.0,0.0,0.0,0.0,0.0,0.0,0.0,0.0,0.0,0.0,0.0,0.0,0.0,0.0,0.0,0.0,0.0
129,0.0,0.0,0.0,0.0,0.0,0.0,0.0,0.0,0.0,0.0,0.0,0.0,0.0,0.0,0.0,0.0,0.0,0.0,0.0,0.0,0.0,0.0,0.0,0.0
130,0.0,0.0,0.0,0.0,0.0,0.0,0.0,0.0,0.0,0.0,0.0,0.0,0.0,0.0,0.0,0.0,0.0,0.0,0.0,0.0,0.0,0.0,0.0,0.0
131,0.0,0.0,0.0,0.0,0.0,0.0,0.0,0.0,0.0,0.0,0.0,0.0,0.0,0.0,0.0,0.0,0.0,0.0,0.0,0.0,0.0,0.0,0.0,0.0
132,0.0,0.0,0.0,0.0,0.0,0.0,0.0,0.0,0.0,0.0,0.0,0.0,0.0,0.0,0.0,0.0,0.0,0.0,0.0,0.0,0.0,0.0,0.0,0.0
133,0.0,0.0,0.0,0.0,0.0,0.0,0.0,0.0,0.0,0.0,0.0,0.0,0.0,0.0,0.0,0.0,0.0,0.0,0.0,0.0,0.0,0.0,0.0,0.0
134,0.0,0.0,0.0,0.0,0.0,0.0,0.0,0.0,0.0,0.0,0.0,0.0,0.0,0.0,0.0,0.0,0.0,0.0,0.0,0.0,0.0,0.0,0.0,0.0
135,0.0,0.0,0.0,0.0,0.0,0.0,0.0,0.0,0.0,0.0,0.0,0.0,0.0,0.0,0.0,0.0,0.0,0.0,0.0,0.0,0.0,0.0,0.0,0.0
136,0.0,0.0,0.0,0.0,0.0,0.0,0.0,0.0,0.0,0.0,0.0,0.0,0.0,0.0,0.0,0.0,0.0,0.0,0.0,0.0,0.0,0.0,0.0,0.0
137,0.0,0.0,0.0,0.0,0.0,0.0,0.0,0.0,0.0,0.0,0.0,0.0,0.0,0.0,0.0,0.0,0.0,0.0,0.0,0.0,0.0,0.0,0.0,0.0
138,0.0,0.0,0.0,0.0,0.0,0.0,0.0,0.0,0.0,0.0,0.0,0.0,0.0,0.0,0.0,0.0,0.0,0.0,0.0,0.0,0.0,0.0,0.0,0.0
139,0.0,0.0,0.0,0.0,0.0,0.0,0.0,0.0,0.0,0.0,0.0,0.0,0.0,0.0,0.0,0.0,0.0,0.0,0.0,0.0,0.0,0.0,0.0,0.0
140,0.0,0.0,0.0,0.0,0.0,0.0,0.0,0.0,0.0,0.0,0.0,0.0,0.0,0.0,0.0,0.0,0.0,0.0,0.0,0.0,0.0,0.0,0.0,0.0
141,0.0,0.0,0.0,0.0,0.0,0.0,0.0,0.0,0.0,0.0,0.0,0.0,0.0,0.0,0.0,0.0,0.0,0.0,0.0,0.0,0.0,0.0,0.0,0.0
142,0.0,0.0,0.0,0.0,0.0,0.0,0.0,0.0,0.0,0.0,0.0,0.0,0.0,0.0,0.0,0.0,0.0,0.0,0.0,0.0,0.0,0.0,0.0,0.0
143,0.0,0.0,0.0,0.0,0.0,0.0,0.0,0.0,0.0,0.0,0.0,0.0,0.0,0.0,0.0,0.0,0.0,0.0,0.0,0.0,0.0,0.0,0.0,0.0
144,0.0,0.0,0.0,0.0,0.0,0.0,0.0,0.0,0.0,0.0,0.0,0.0,0.0,0.0,0.0,0.0,0.0,0.0,0.0,0.0,0.0,0.0,0.0,0.0
145,5.587,5.2065,5.0923,5.0006,5.0307,5.2719,5.7933,6.2268,6.3705,6.4152,6.3305,6.2439,6.1574,6.1427,6.0734,6.0517,6.0605,6.2214,6.3788,6.609,6.9105,6.7268,6.345,5.8484
146,0.0,0.0,0.0,0.0,0.0,0.0,0.0,0.0,0.0,0.0,0.0,0.0,0.0,0.0,0.0,0.0,0.0,0.0,0.0,0.0,0.0,0.0,0.0,0.0
147,0.0,0.0,0.0,0.0,0.0,0.0,0.0,0.0,0.0,0.0,0.0,0.0,0.0,0.0,0.0,0.0,0.0,0.0,0.0,0.0,0.0,0.0,0.0,0.0
148,0.0,0.0,0.0,0.0,0.0,0.0,0.0,0.0,0.0,0.0,0.0,0.0,0.0,0.0,0.0,0.0,0.0,0.0,0.0,0.0,0.0,0.0,0.0,0.0
149,0.0,0.0,0.0,0.0,0.0,0.0,0.0,0.0,0.0,0.0,0.0,0.0,0.0,0.0,0.0,0.0,0.0,0.0,0.0,0.0,0.0,0.0,0.0,0.0
150,0.0,0.0,0.0,0.0,0.0,0.0,0.0,0.0,0.0,0.0,0.0,0.0,0.0,0.0,0.0,0.0,0.0,0.0,0.0,0.0,0.0,0.0,0.0,0.0
151,0.0,0.0,0.0,0.0,0.0,0.0,0.0,0.0,0.0,0.0,0.0,0.0,0.0,0.0,0.0,0.0,0.0,0.0,0.0,0.0,0.0,0.0,0.0,0.0
152,0.0,0.0,0.0,0.0,0.0,0.0,0.0,0.0,0.0,0.0,0.0,0.0,0.0,0.0,0.0,0.0,0.0,0.0,0.0,0.0,0.0,0.0,0.0,0.0
153,0.0,0.0,0.0,0.0,0.0,0.0,0.0,0.0,0.0,0.0,0.0,0.0,0.0,0.0,0.0,0.0,0.0,0.0,0.0,0.0,0.0,0.0,0.0,0.0
154,0.0,0.0,0.0,0.0,0.0,0.0,0.0,0.0,0.0,0.0,0.0,0.0,0.0,0.0,0.0,0.0,0.0,0.0,0.0,0.0,0.0,0.0,0.0,0.0
155,0.0,0.0,0.0,0.0,0.0,0.0,0.0,0.0,0.0,0.0,0.0,0.0,0.0,0.0,0.0,0.0,0.0,0.0,0.0,0.0,0.0,0.0,0.0,0.0
156,0.0,0.0,0.0,0.0,0.0,0.0,0.0,0.0,0.0,0.0,0.0,0.0,0.0,0.0,0.0,0.0,0.0,0.0,0.0,0.0,0.0,0.0,0.0,0.0
157,0.0,0.0,0.0,0.0,0.0,0.0,0.0,0.0,0.0,0.0,0.0,0.0,0.0,0.0,0.0,0.0,0.0,0.0,0.0,0.0,0.0,0.0,0.0,0.0
158,0.0,0.0,0.0,0.0,0.0,0.0,0.0,0.0,0.0,0.0,0.0,0.0,0.0,0.0,0.0,0.0,0.0,0.0,0.0,0.0,0.0,0.0,0.0,0.0
159,0.0,0.0,0.0,0.0,0.0,0.0,0.0,0.0,0.0,0.0,0.0,0.0,0.0,0.0,0.0,0.0,0.0,0.0,0.0,0.0,0.0,0.0,0.0,0.0
160,0.0,0.0,0.0,0.0,0.0,0.0,0.0,0.0,0.0,0.0,0.0,0.0,0.0,0.0,0.0,0.0,0.0,0.0,0.0,0.0,0.0,0.0,0.0,0.0
161,0.0,0.0,0.0,0.0,0.0,0.0,0.0,0.0,0.0,0.0,0.0,0.0,0.0,0.0,0.0,0.0,0.0,0.0,0.0,0.0,0.0,0.0,0.0,0.0
162,0.0,0.0,0.0,0.0,0.0,0.0,0.0,0.0,0.0,0.0,0.0,0.0,0.0,0.0,0.0,0.0,0.0,0.0,0.0,0.0,0.0,0.0,0.0,0.0
163,0.0,0.0,0.0,0.0,0.0,0.0,0.0,0.0,0.0,0.0,0.0,0.0,0.0,0.0,0.0,0.0,0.0,0.0,0.0,0.0,0.0,0.0,0.0,0.0
164,11.9707,10.9164,10.575,10.301,10.3642,11.0467,12.5091,13.5283,13.6723,13.5426,13.0978,12.6717,12.3603,12.2824,12.0304,12.0357,12.2159,12.9375,13.7295,14.8311,15.9506,15.4662,14.3833,12.8723
165,0.0,0.0,0.0,0.0,0.0,0.0,0.0,0.0,0.0,0.0,0.0,0.0,0.0,0.0,0.0,0.0,0.0,0.0,0.0,0.0,0.0,0.0,0.0,0.0
166,0.0,0.0,0.0,0.0,0.0,0.0,0.0,0.0,0.0,0.0,0.0,0.0,0.0,0.0,0.0,0.0,0.0,0.0,0.0,0.0,0.0,0.0,0.0,0.0
167,0.0,0.0,0.0,0.0,0.0,0.0,0.0,0.0,0.0,0.0,0.0,0.0,0.0,0.0,0.0,0.0,0.0,0.0,0.0,0.0,0.0,0.0,0.0,0.0
168,0.0,0.0,0.0,0.0,0.0,0.0,0.0,0.0,0.0,0.0,0.0,0.0,0.0,0.0,0.0,0.0,0.0,0.0,0.0,0.0,0.0,0.0,0.0,0.0
169,0.0,0.0,0.0,0.0,0.0,0.0,0.0,0.0,0.0,0.0,0.0,0.0,0.0,0.0,0.0,0.0,0.0,0.0,0.0,0.0,0.0,0.0,0.0,0.0
170,0.0,0.0,0.0,0.0,0.0,0.0,0.0,0.0,0.0,0.0,0.0,0.0,0.0,0.0,0.0,0.0,0.0,0.0,0.0,0.0,0.0,0.0,0.0,0.0
171,0.0,0.0,0.0,0.0,0.0,0.0,0.0,0.0,0.0,0.0,0.0,0.0,0.0,0.0,0.0,0.0,0.0,0.0,0.0,0.0,0.0,0.0,0.0,0.0
172,0.0,0.0,0.0,0.0,0.0,0.0,0.0,0.0,0.0,0.0,0.0,0.0,0.0,0.0,0.0,0.0,0.0,0.0,0.0,0.0,0.0,0.0,0.0,0.0
173,0.0,0.0,0.0,0.0,0.0,0.0,0.0,0.0,0.0,0.0,0.0,0.0,0.0,0.0,0.0,0.0,0.0,0.0,0.0,0.0,0.0,0.0,0.0,0.0
174,0.0,0.0,0.0,0.0,0.0,0.0,0.0,0.0,0.0,0.0,0.0,0.0,0.0,0.0,0.0,0.0,0.0,0.0,0.0,0.0,0.0,0.0,0.0,0.0
175,0.0,0.0,0.0,0.0,0.0,0.0,0.0,0.0,0.0,0.0,0.0,0.0,0.0,0.0,0.0,0.0,0.0,0.0,0.0,0.0,0.0,0.0,0.0,0.0
176,0.0,0.0,0.0,0.0,0.0,0.0,0.0,0.0,0.0,0.0,0.0,0.0,0.0,0.0,0.0,0.0,0.0,0.0,0.0,0.0,0.0,0.0,0.0,0.0
177,0.0,0.0,0.0,0.0,0.0,0.0,0.0,0.0,0.0,0.0,0.0,0.0,0.0,0.0,0.0,0.0,0.0,0.0,0.0,0.0,0.0,0.0,0.0,0.0
178,0.0,0.0,0.0,0.0,0.0,0.0,0.0,0.0,0.0,0.0,0.0,0.0,0.0,0.0,0.0,0.0,0.0,0.0,0.0,0.0,0.0,0.0,0.0,0.0
179,0.0,0.0,0.0,0.0,0.0,0.0,0.0,0.0,0.0,0.0,0.0,0.0,0.0,0.0,0.0,0.0,0.0,0.0,0.0,0.0,0.0,0.0,0.0,0.0
180,0.0,0.0,0.0,0.0,0.0,0.0,0.0,0.0,0.0,0.0,0.0,0.0,0.0,0.0,0.0,0.0,0.0,0.0,0.0,0.0,0.0,0.0,0.0,0.0
181,0.0,0.0,0.0,0.0,0.0,0.0,0.0,0.0,0.0,0.0,0.0,0.0,0.0,0.0,0.0,0.0,0.0,0.0,0.0,0.0,0.0,0.0,0.0,0.0
182,0.0,0.0,0.0,0.0,0.0,0.0,0.0,0.0,0.0,0.0,0.0,0.0,0.0,0.0,0.0,0.0,0.0,0.0,0.0,0.0,0.0,0.0,0.0,0.0
183,0.0,0.0,0.0,0.0,0.0,0.0,0.0,0.0,0.0,0.0,0.0,0.0,0.0,0.0,0.0,0.0,0.0,0.0,0.0,0.0,0.0,0.0,0.0,0.0
184,0.0,0.0,0.0,0.0,0.0,0.0,0.0,0.0,0.0,0.0,0.0,0.0,0.0,0.0,0.0,0.0,0.0,0.0,0.0,0.0,0.0,0.0,0.0,0.0
185,0.0,0.0,0.0,0.0,0.0,0.0,0.0,0.0,0.0,0.0,0.0,0.0,0.0,0.0,0.0,0.0,0.0,0.0,0.0,0.0,0.0,0.0,0.0,0.0
186,0.0,0.0,0.0,0.0,0.0,0.0,0.0,0.0,0.0,0.0,0.0,0.0,0.0,0.0,0.0,0.0,0.0,0.0,0.0,0.0,0.0,0.0,0.0,0.0
187,0.0,0.0,0.0,0.0,0.0,0.0,0.0,0.0,0.0,0.0,0.0,0.0,0.0,0.0,0.0,0.0,0.0,0.0,0.0,0.0,0.0,0.0,0.0,0.0
188,0.0,0.0,0.0,0.0,0.0,0.0,0.0,0.0,0.0,0.0,0.0,0.0,0.0,0.0,0.0,0.0,0.0,0.0,0.0,0.0,0.0,0.0,0.0,0.0
189,0.0,0.0,0.0,0.0,0.0,0.0,0.0,0.0,0.0,0.0,0.0,0.0,0.0,0.0,0.0,0.0,0.0,0.0,0.0,0.0,0.0,0.0,0.0,0.0
190,0.0,0.0,0.0,0.0,0.0,0.0,0.0,0.0,0.0,0.0,0.0,0.0,0.0,0.0,0.0,0.0,0.0,0.0,0.0,0.0,0.0,0.0,0.0,0.0
191,0.0,0.0,0.0,0.0,0.0,0.0,0.0,0.0,0.0,0.0,0.0,0.0,0.0,0.0,0.0,0.0,0.0,0.0,0.0,0.0,0.0,0.0,0.0,0.0
192,0.0,0.0,0.0,0.0,0.0,0.0,0.0,0.0,0.0,0.0,0.0,0.0,0.0,0.0,0.0,0.0,0.0,0.0,0.0,0.0,0.0,0.0,0.0,0.0
193,0.0,0.0,0.0,0.0,0.0,0.0,0.0,0.0,0.0,0.0,0.0,0.0,0.0,0.0,0.0,0.0,0.0,0.0,0.0,0.0,0.0,0.0,0.0,0.0
194,0.0,0.0,0.0,0.0,0.0,0.0,0.0,0.0,0.0,0.0,0.0,0.0,0.0,0.0,0.0,0.0,0.0,0.0,0.0,0.0,0.0,0.0,0.0,0.0
195,0.0,0.0,0.0,0.0,0.0,0.0,0.0,0.0,0.0,0.0,0.0,0.0,0.0,0.0,0.0,0.0,0.0,0.0,0.0,0.0,0.0,0.0,0.0,0.0
196,0.0,0.0,0.0,0.0,0.0,0.0,0.0,0.0,0.0,0.0,0.0,0.0,0.0,0.0,0.0,0.0,0.0,0.0,0.0,0.0,0.0,0.0,0.0,0.0
197,0.0,0.0,0.0,0.0,0.0,0.0,0.0,0.0,0.0,0.0,0.0,0.0,0.0,0.0,0.0,0.0,0.0,0.0,0.0,0.0,0.0,0.0,0.0,0.0
198,0.0,0.0,0.0,0.0,0.0,0.0,0.0,0.0,0.0,0.0,0.0,0.0,0.0,0.0,0.0,0.0,0.0,0.0,0.0,0.0,0.0,0.0,0.0,0.0
199,0.0,0.0,0.0,0.0,0.0,0.0,0.0,0.0,0.0,0.0,0.0,0.0,0.0,0.0,0.0,0.0,0.0,0.0,0.0,0.0,0.0,0.0,0.0,0.0
200,0.0,0.0,0.0,0.0,0.0,0.0,0.0,0.0,0.0,0.0,0.0,0.0,0.0,0.0,0.0,0.0,0.0,0.0,0.0,0.0,0.0,0.0,0.0,0.0
201,0.0,0.0,0.0,0.0,0.0,0.0,0.0,0.0,0.0,0.0,0.0,0.0,0.0,0.0,0.0,0.0,0.0,0.0,0.0,0.0,0.0,0.0,0.0,0.0
202,0.0,0.0,0.0,0.0,0.0,0.0,0.0,0.0,0.0,0.0,0.0,0.0,0.0,0.0,0.0,0.0,0.0,0.0,0.0,0.0,0.0,0.0,0.0,0.0
203,0.0,0.0,0.0,0.0,0.0,0.0,0.0,0.0,0.0,0.0,0.0,0.0,0.0,0.0,0.0,0.0,0.0,0.0,0.0,0.0,0.0,0.0,0.0,0.0
204,0.0,0.0,0.0,0.0,0.0,0.0,0.0,0.0,0.0,0.0,0.0,0.0,0.0,0.0,0.0,0.0,0.0,0.0,0.0,0.0,0.0,0.0,0.0,0.0
205,0.0,0.0,0.0,0.0,0.0,0.0,0.0,0.0,0.0,0.0,0.0,0.0,0.0,0.0,0.0,0.0,0.0,0.0,0.0,0.0,0.0,0.0,0.0,0.0
206,0.0,0.0,0.0,0.0,0.0,0.0,0.0,0.0,0.0,0.0,0.0,0.0,0.0,0.0,0.0,0.0,0.0,0.0,0.0,0.0,0.0,0.0,0.0,0.0
207,0.0,0.0,0.0,0.0,0.0,0.0,0.0,0.0,0.0,0.0,0.0,0.0,0.0,0.0,0.0,0.0,0.0,0.0,0.0,0.0,0.0,0.0,0.0,0.0
208,0.0,0.0,0.0,0.0,0.0,0.0,0.0,0.0,0.0,0.0,0.0,0.0,0.0,0.0,0.0,0.0,0.0,0.0,0.0,0.0,0.0,0.0,0.0,0.0
209,0.0,0.0,0.0,0.0,0.0,0.0,0.0,0.0,0.0,0.0,0.0,0.0,0.0,0.0,0.0,0.0,0.0,0.0,0.0,0.0,0.0,0.0,0.0,0.0
210,0.0,0.0,0.0,0.0,0.0,0.0,0.0,0.0,0.0,0.0,0.0,0.0,0.0,0.0,0.0,0.0,0.0,0.0,0.0,0.0,0.0,0.0,0.0,0.0
211,0.0,0.0,0.0,0.0,0.0,0.0,0.0,0.0,0.0,0.0,0.0,0.0,0.0,0.0,0.0,0.0,0.0,0.0,0.0,0.0,0.0,0.0,0.0,0.0
212,0.0,0.0,0.0,0.0,0.0,0.0,0.0,0.0,0.0,0.0,0.0,0.0,0.0,0.0,0.0,0.0,0.0,0.0,0.0,0.0,0.0,0.0,0.0,0.0
213,0.0,0.0,0.0,0.0,0.0,0.0,0.0,0.0,0.0,0.0,0.0,0.0,0.0,0.0,0.0,0.0,0.0,0.0,0.0,0.0,0.0,0.0,0.0,0.0
214,0.0,0.0,0.0,0.0,0.0,0.0,0.0,0.0,0.0,0.0,0.0,0.0,0.0,0.0,0.0,0.0,0.0,0.0,0.0,0.0,0.0,0.0,0.0,0.0
215,0.0,0.0,0.0,0.0,0.0,0.0,0.0,0.0,0.0,0.0,0.0,0.0,0.0,0.0,0.0,0.0,0.0,0.0,0.0,0.0,0.0,0.0,0.0,0.0
216,0.0,0.0,0.0,0.0,0.0,0.0,0.0,0.0,0.0,0.0,0.0,0.0,0.0,0.0,0.0,0.0,0.0,0.0,0.0,0.0,0.0,0.0,0.0,0.0
217,0.0,0.0,0.0,0.0,0.0,0.0,0.0,0.0,0.0,0.0,0.0,0.0,0.0,0.0,0.0,0.0,0.0,0.0,0.0,0.0,0.0,0.0,0.0,0.0
218,0.0,0.0,0.0,0.0,0.0,0.0,0.0,0.0,0.0,0.0,0.0,0.0,0.0,0.0,0.0,0.0,0.0,0.0,0.0,0.0,0.0,0.0,0.0,0.0
219,0.0,0.0,0.0,0.0,0.0,0.0,0.0,0.0,0.0,0.0,0.0,0.0,0.0,0.0,0.0,0.0,0.0,0.0,0.0,0.0,0.0,0.0,0.0,0.0
220,0.0,0.0,0.0,0.0,0.0,0.0,0.0,0.0,0.0,0.0,0.0,0.0,0.0,0.0,0.0,0.0,0.0,0.0,0.0,0.0,0.0,0.0,0.0,0.0
221,0.0,0.0,0.0,0.0,0.0,0.0,0.0,0.0,0.0,0.0,0.0,0.0,0.0,0.0,0.0,0.0,0.0,0.0,0.0,0.0,0.0,0.0,0.0,0.0
222,0.0,0.0,0.0,0.0,0.0,0.0,0.0,0.0,0.0,0.0,0.0,0.0,0.0,0.0,0.0,0.0,0.0,0.0,0.0,0.0,0.0,0.0,0.0,0.0
223,0.0,0.0,0.0,0.0,0.0,0.0,0.0,0.0,0.0,0.0,0.0,0.0,0.0,0.0,0.0,0.0,0.0,0.0,0.0,0.0,0.0,0.0,0.0,0.0
224,0.0,0.0,0.0,0.0,0.0,0.0,0.0,0.0,0.0,0.0,0.0,0.0,0.0,0.0,0.0,0.0,0.0,0.0,0.0,0.0,0.0,0.0,0.0,0.0
225,0.0,0.0,0.0,0.0,0.0,0.0,0.0,0.0,0.0,0.0,0.0,0.0,0.0,0.0,0.0,0.0,0.0,0.0,0.0,0.0,0.0,0.0,0.0,0.0
226,0.0,0.0,0.0,0.0,0.0,0.0,0.0,0.0,0.0,0.0,0.0,0.0,0.0,0.0,0.0,0.0,0.0,0.0,0.0,0.0,0.0,0.0,0.0,0.0
227,0.0,0.0,0.0,0.0,0.0,0.0,0.0,0.0,0.0,0.0,0.0,0.0,0.0,0.0,0.0,0.0,0.0,0.0,0.0,0.0,0.0,0.0,0.0,0.0
228,0.0,0.0,0.0,0.0,0.0,0.0,0.0,0.0,0.0,0.0,0.0,0.0,0.0,0.0,0.0,0.0,0.0,0.0,0.0,0.0,0.0,0.0,0.0,0.0
229,0.0,0.0,0.0,0.0,0.0,0.0,0.0,0.0,0.0,0.0,0.0,0.0,0.0,0.0,0.0,0.0,0.0,0.0,0.0,0.0,0.0,0.0,0.0,0.0
230,0.0,0.0,0.0,0.0,0.0,0.0,0.0,0.0,0.0,0.0,0.0,0.0,0.0,0.0,0.0,0.0,0.0,0.0,0.0,0.0,0.0,0.0,0.0,0.0
231,0.0,0.0,0.0,0.0,0.0,0.0,0.0,0.0,0.0,0.0,0.0,0.0,0.0,0.0,0.0,0.0,0.0,0.0,0.0,0.0,0.0,0.0,0.0,0.0
232,0.0,0.0,0.0,0.0,0.0,0.0,0.0,0.0,0.0,0.0,0.0,0.0,0.0,0.0,0.0,0.0,0.0,0.0,0.0,0.0,0.0,0.0,0.0,0.0
233,0.0,0.0,0.0,0.0,0.0,0.0,0.0,0.0,0.0,0.0,0.0,0.0,0.0,0.0,0.0,0.0,0.0,0.0,0.0,0.0,0.0,0.0,0.0,0.0
234,0.0,0.0,0.0,0.0,0.0,0.0,0.0,0.0,0.0,0.0,0.0,0.0,0.0,0.0,0.0,0.0,0.0,0.0,0.0,0.0,0.0,0.0,0.0,0.0
235,0.0,0.0,0.0,0.0,0.0,0.0,0.0,0.0,0.0,0.0,0.0,0.0,0.0,0.0,0.0,0.0,0.0,0.0,0.0,0.0,0.0,0.0,0.0,0.0
236,0.0,0.0,0.0,0.0,0.0,0.0,0.0,0.0,0.0,0.0,0.0,0.0,0.0,0.0,0.0,0.0,0.0,0.0,0.0,0.0,0.0,0.0,0.0,0.0
237,0.0,0.0,0.0,0.0,0.0,0.0,0.0,0.0,0.0,0.0,0.0,0.0,0.0,0.0,0.0,0.0,0.0,0.0,0.0,0.0,0.0,0.0,0.0,0.0
238,0.0,0.0,0.0,0.0,0.0,0.0,0.0,0.0,0.0,0.0,0.0,0.0,0.0,0.0,0.0,0.0,0.0,0.0,0.0,0.0,0.0,0.0,0.0,0.0
239,0.0,0.0,0.0,0.0,0.0,0.0,0.0,0.0,0.0,0.0,0.0,0.0,0.0,0.0,0.0,0.0,0.0,0.0,0.0,0.0,0.0,0.0,0.0,0.0
240,0.0,0.0,0.0,0.0,0.0,0.0,0.0,0.0,0.0,0.0,0.0,0.0,0.0,0.0,0.0,0.0,0.0,0.0,0.0,0.0,0.0,0.0,0.0,0.0
241,0.0,0.0,0.0,0.0,0.0,0.0,0.0,0.0,0.0,0.0,0.0,0.0,0.0,0.0,0.0,0.0,0.0,0.0,0.0,0.0,0.0,0.0,0.0,0.0
242,0.0,0.0,0.0,0.0,0.0,0.0,0.0,0.0,0.0,0.0,0.0,0.0,0.0,0.0,0.0,0.0,0.0,0.0,0.0,0.0,0.0,0.0,0.0,0.0
243,0.0,0.0,0.0,0.0,0.0,0.0,0.0,0.0,0.0,0.0,0.0,0.0,0.0,0.0,0.0,0.0,0.0,0.0,0.0,0.0,0.0,0.0,0.0,0.0
244,0.0,0.0,0.0,0.0,0.0,0.0,0.0,0.0,0.0,0.0,0.0,0.0,0.0,0.0,0.0,0.0,0.0,0.0,0.0,0.0,0.0,0.0,0.0,0.0
245,0.0,0.0,0.0,0.0,0.0,0.0,0.0,0.0,0.0,0.0,0.0,0.0,0.0,0.0,0.0,0.0,0.0,0.0,0.0,0.0,0.0,0.0,0.0,0.0
246,0.0,0.0,0.0,0.0,0.0,0.0,0.0,0.0,0.0,0.0,0.0,0.0,0.0,0.0,0.0,0.0,0.0,0.0,0.0,0.0,0.0,0.0,0.0,0.0
247,0.0,0.0,0.0,0.0,0.0,0.0,0.0,0.0,0.0,0.0,0.0,0.0,0.0,0.0,0.0,0.0,0.0,0.0,0.0,0.0,0.0,0.0,0.0,0.0
248,0.0,0.0,0.0,0.0,0.0,0.0,0.0,0.0,0.0,0.0,0.0,0.0,0.0,0.0,0.0,0.0,0.0,0.0,0.0,0.0,0.0,0.0,0.0,0.0
249,0.0,0.0,0.0,0.0,0.0,0.0,0.0,0.0,0.0,0.0,0.0,0.0,0.0,0.0,0.0,0.0,0.0,0.0,0.0,0.0,0.0,0.0,0.0,0.0
250,0.0,0.0,0.0,0.0,0.0,0.0,0.0,0.0,0.0,0.0,0.0,0.0,0.0,0.0,0.0,0.0,0.0,0.0,0.0,0.0,0.0,0.0,0.0,0.0
251,0.0,0.0,0.0,0.0,0.0,0.0,0.0,0.0,0.0,0.0,0.0,0.0,0.0,0.0,0.0,0.0,0.0,0.0,0.0,0.0,0.0,0.0,0.0,0.0
252,0.0,0.0,0.0,0.0,0.0,0.0,0.0,0.0,0.0,0.0,0.0,0.0,0.0,0.0,0.0,0.0,0.0,0.0,0.0,0.0,0.0,0.0,0.0,0.0
253,0.0,0.0,0.0,0.0,0.0,0.0,0.0,0.0,0.0,0.0,0.0,0.0,0.0,0.0,0.0,0.0,0.0,0.0,0.0,0.0,0.0,0.0,0.0,0.0
254,0.0,0.0,0.0,0.0,0.0,0.0,0.0,0.0,0.0,0.0,0.0,0.0,0.0,0.0,0.0,0.0,0.0,0.0,0.0,0.0,0.0,0.0,0.0,0.0
255,0.0,0.0,0.0,0.0,0.0,0.0,0.0,0.0,0.0,0.0,0.0,0.0,0.0,0.0,0.0,0.0,0.0,0.0,0.0,0.0,0.0,0.0,0.0,0.0
256,0.0,0.0,0.0,0.0,0.0,0.0,0.0,0.0,0.0,0.0,0.0,0.0,0.0,0.0,0.0,0.0,0.0,0.0,0.0,0.0,0.0,0.0,0.0,0.0
257,0.0,0.0,0.0,0.0,0.0,0.0,0.0,0.0,0.0,0.0,0.0,0.0,0.0,0.0,0.0,0.0,0.0,0.0,0.0,0.0,0.0,0.0,0.0,0.0
258,0.0,0.0,0.0,0.0,0.0,0.0,0.0,0.0,0.0,0.0,0.0,0.0,0.0,0.0,0.0,0.0,0.0,0.0,0.0,0.0,0.0,0.0,0.0,0.0
259,0.0,0.0,0.0,0.0,0.0,0.0,0.0,0.0,0.0,0.0,0.0,0.0,0.0,0.0,0.0,0.0,0.0,0.0,0.0,0.0,0.0,0.0,0.0,0.0
260,0.0,0.0,0.0,0.0,0.0,0.0,0.0,0.0,0.0,0.0,0.0,0.0,0.0,0.0,0.0,0.0,0.0,0.0,0.0,0.0,0.0,0.0,0.0,0.0
261,0.0,0.0,0.0,0.0,0.0,0.0,0.0,0.0,0.0,0.0,0.0,0.0,0.0,0.0,0.0,0.0,0.0,0.0,0.0,0.0,0.0,0.0,0.0,0.0
262,0.0,0.0,0.0,0.0,0.0,0.0,0.0,0.0,0.0,0.0,0.0,0.0,0.0,0.0,0.0,0.0,0.0,0.0,0.0,0.0,0.0,0.0,0.0,0.0
263,0.0,0.0,0.0,0.0,0.0,0.0,0.0,0.0,0.0,0.0,0.0,0.0,0.0,0.0,0.0,0.0,0.0,0.0,0.0,0.0,0.0,0.0,0.0,0.0
264,0.0,0.0,0.0,0.0,0.0,0.0,0.0,0.0,0.0,0.0,0.0,0.0,0.0,0.0,0.0,0.0,0.0,0.0,0.0,0.0,0.0,0.0,0.0,0.0
265,0.0,0.0,0.0,0.0,0.0,0.0,0.0,0.0,0.0,0.0,0.0,0.0,0.0,0.0,0.0,0.0,0.0,0.0,0.0,0.0,0.0,0.0,0.0,0.0
266,0.0,0.0,0.0,0.0,0.0,0.0,0.0,0.0,0.0,0.0,0.0,0.0,0.0,0.0,0.0,0.0,0.0,0.0,0.0,0.0,0.0,0.0,0.0,0.0
267,0.0,0.0,0.0,0.0,0.0,0.0,0.0,0.0,0.0,0.0,0.0,0.0,0.0,0.0,0.0,0.0,0.0,0.0,0.0,0.0,0.0,0.0,0.0,0.0
268,0.0,0.0,0.0,0.0,0.0,0.0,0.0,0.0,0.0,0.0,0.0,0.0,0.0,0.0,0.0,0.0,0.0,0.0,0.0,0.0,0.0,0.0,0.0,0.0
269,0.0,0.0,0.0,0.0,0.0,0.0,0.0,0.0,0.0,0.0,0.0,0.0,0.0,0.0,0.0,0.0,0.0,0.0,0.0,0.0,0.0,0.0,0.0,0.0
270,0.0,0.0,0.0,0.0,0.0,0.0,0.0,0.0,0.0,0.0,0.0,0.0,0.0,0.0,0.0,0.0,0.0,0.0,0.0,0.0,0.0,0.0,0.0,0.0
271,0.0,0.0,0.0,0.0,0.0,0.0,0.0,0.0,0.0,0.0,0.0,0.0,0.0,0.0,0.0,0.0,0.0,0.0,0.0,0.0,0.0,0.0,0.0,0.0
272,0.0,0.0,0.0,0.0,0.0,0.0,0.0,0.0,0.0,0.0,0.0,0.0,0.0,0.0,0.0,0.0,0.0,0.0,0.0,0.0,0.0,0.0,0.0,0.0
273,0.0,0.0,0.0,0.0,0.0,0.0,0.0,0.0,0.0,0.0,0.0,0.0,0.0,0.0,0.0,0.0,0.0,0.0,0.0,0.0,0.0,0.0,0.0,0.0
274,2.0168,1.8582,1.8084,1.7684,1.7791,1.8809,2.0999,2.2644,2.3017,2.2978,2.2438,2.1911,2.1487,2.1393,2.105,2.1018,2.1193,2.2109,2.3082,2.4454,2.5963,2.522,2.3606,2.1416
275,0.0,0.0,0.0,0.0,0.0,0.0,0.0,0.0,0.0,0.0,0.0,0.0,0.0,0.0,0.0,0.0,0.0,0.0,0.0,0.0,0.0,0.0,0.0,0.0
276,0.0,0.0,0.0,0.0,0.0,0.0,0.0,0.0,0.0,0.0,0.0,0.0,0.0,0.0,0.0,0.0,0.0,0.0,0.0,0.0,0.0,0.0,0.0,0.0
277,0.0,0.0,0.0,0.0,0.0,0.0,0.0,0.0,0.0,0.0,0.0,0.0,0.0,0.0,0.0,0.0,0.0,0.0,0.0,0.0,0.0,0.0,0.0,0.0
278,0.0,0.0,0.0,0.0,0.0,0.0,0.0,0.0,0.0,0.0,0.0,0.0,0.0,0.0,0.0,0.0,0.0,0.0,0.0,0.0,0.0,0.0,0.0,0.0
279,0.0,0.0,0.0,0.0,0.0,0.0,0.0,0.0,0.0,0.0,0.0,0.0,0.0,0.0,0.0,0.0,0.0,0.0,0.0,0.0,0.0,0.0,0.0,0.0
280,0.0,0.0,0.0,0.0,0.0,0.0,0.0,0.0,0.0,0.0,0.0,0.0,0.0,0.0,0.0,0.0,0.0,0.0,0.0,0.0,0.0,0.0,0.0,0.0
281,11.2281,10.682,10.5407,10.4274,10.4889,10.8225,11.5548,12.3432,12.782,13.0779,13.1482,13.1941,13.1353,13.1482,13.1038,13.0124,12.8829,12.8619,12.7625,12.6689,12.8421,12.556,12.0309,11.4414
282,0.0,0.0,0.0,0.0,0.0,0.0,0.0,0.0,0.0,0.0,0.0,0.0,0.0,0.0,0.0,0.0,0.0,0.0,0.0,0.0,0.0,0.0,0.0,0.0
283,0.0,0.0,0.0,0.0,0.0,0.0,0.0,0.0,0.0,0.0,0.0,0.0,0.0,0.0,0.0,0.0,0.0,0.0,0.0,0.0,0.0,0.0,0.0,0.0
284,0.0,0.0,0.0,0.0,0.0,0.0,0.0,0.0,0.0,0.0,0.0,0.0,0.0,0.0,0.0,0.0,0.0,0.0,0.0,0.0,0.0,0.0,0.0,0.0
285,0.0,0.0,0.0,0.0,0.0,0.0,0.0,0.0,0.0,0.0,0.0,0.0,0.0,0.0,0.0,0.0,0.0,0.0,0.0,0.0,0.0,0.0,0.0,0.0
286,0.0,0.0,0.0,0.0,0.0,0.0,0.0,0.0,0.0,0.0,0.0,0.0,0.0,0.0,0.0,0.0,0.0,0.0,0.0,0.0,0.0,0.0,0.0,0.0
287,0.0,0.0,0.0,0.0,0.0,0.0,0.0,0.0,0.0,0.0,0.0,0.0,0.0,0.0,0.0,0.0,0.0,0.0,0.0,0.0,0.0,0.0,0.0,0.0
288,0.0,0.0,0.0,0.0,0.0,0.0,0.0,0.0,0.0,0.0,0.0,0.0,0.0,0.0,0.0,0.0,0.0,0.0,0.0,0.0,0.0,0.0,0.0,0.0
289,0.0,0.0,0.0,0.0,0.0,0.0,0.0,0.0,0.0,0.0,0.0,0.0,0.0,0.0,0.0,0.0,0.0,0.0,0.0,0.0,0.0,0.0,0.0,0.0
290,0.0,0.0,0.0,0.0,0.0,0.0,0.0,0.0,0.0,0.0,0.0,0.0,0.0,0.0,0.0,0.0,0.0,0.0,0.0,0.0,0.0,0.0,0.0,0.0
291,0.0,0.0,0.0,0.0,0.0,0.0,0.0,0.0,0.0,0.0,0.0,0.0,0.0,0.0,0.0,0.0,0.0,0.0,0.0,0.0,0.0,0.0,0.0,0.0
292,0.0,0.0,0.0,0.0,0.0,0.0,0.0,0.0,0.0,0.0,0.0,0.0,0.0,0.0,0.0,0.0,0.0,0.0,0.0,0.0,0.0,0.0,0.0,0.0
293,0.0,0.0,0.0,0.0,0.0,0.0,0.0,0.0,0.0,0.0,0.0,0.0,0.0,0.0,0.0,0.0,0.0,0.0,0.0,0.0,0.0,0.0,0.0,0.0
294,0.0,0.0,0.0,0.0,0.0,0.0,0.0,0.0,0.0,0.0,0.0,0.0,0.0,0.0,0.0,0.0,0.0,0.0,0.0,0.0,0.0,0.0,0.0,0.0
295,0.0,0.0,0.0,0.0,0.0,0.0,0.0,0.0,0.0,0.0,0.0,0.0,0.0,0.0,0.0,0.0,0.0,0.0,0.0,0.0,0.0,0.0,0.0,0.0
296,0.0,0.0,0.0,0.0,0.0,0.0,0.0,0.0,0.0,0.0,0.0,0.0,0.0,0.0,0.0,0.0,0.0,0.0,0.0,0.0,0.0,0.0,0.0,0.0
297,0.0,0.0,0.0,0.0,0.0,0.0,0.0,0.0,0.0,0.0,0.0,0.0,0.0,0.0,0.0,0.0,0.0,0.0,0.0,0.0,0.0,0.0,0.0,0.0
298,0.0,0.0,0.0,0.0,0.0,0.0,0.0,0.0,0.0,0.0,0.0,0.0,0.0,0.0,0.0,0.0,0.0,0.0,0.0,0.0,0.0,0.0,0.0,0.0
299,0.0,0.0,0.0,0.0,0.0,0.0,0.0,0.0,0.0,0.0,0.0,0.0,0.0,0.0,0.0,0.0,0.0,0.0,0.0,0.0,0.0,0.0,0.0,0.0
300,0.0,0.0,0.0,0.0,0.0,0.0,0.0,0.0,0.0,0.0,0.0,0.0,0.0,0.0,0.0,0.0,0.0,0.0,0.0,0.0,0.0,0.0,0.0,0.0
301,0.0,0.0,0.0,0.0,0.0,0.0,0.0,0.0,0.0,0.0,0.0,0.0,0.0,0.0,0.0,0.0,0.0,0.0,0.0,0.0,0.0,0.0,0.0,0.0
302,0.0,0.0,0.0,0.0,0.0,0.0,0.0,0.0,0.0,0.0,0.0,0.0,0.0,0.0,0.0,0.0,0.0,0.0,0.0,0.0,0.0,0.0,0.0,0.0
303,0.0,0.0,0.0,0.0,0.0,0.0,0.0,0.0,0.0,0.0,0.0,0.0,0.0,0.0,0.0,0.0,0.0,0.0,0.0,0.0,0.0,0.0,0.0,0.0
304,0.0,0.0,0.0,0.0,0.0,0.0,0.0,0.0,0.0,0.0,0.0,0.0,0.0,0.0,0.0,0.0,0.0,0.0,0.0,0.0,0.0,0.0,0.0,0.0
305,0.0,0.0,0.0,0.0,0.0,0.0,0.0,0.0,0.0,0.0,0.0,0.0,0.0,0.0,0.0,0.0,0.0,0.0,0.0,0.0,0.0,0.0,0.0,0.0
306,0.0,0.0,0.0,0.0,0.0,0.0,0.0,0.0,0.0,0.0,0.0,0.0,0.0,0.0,0.0,0.0,0.0,0.0,0.0,0.0,0.0,0.0,0.0,0.0
307,0.0,0.0,0.0,0.0,0.0,0.0,0.0,0.0,0.0,0.0,0.0,0.0,0.0,0.0,0.0,0.0,0.0,0.0,0.0,0.0,0.0,0.0,0.0,0.0
308,0.0,0.0,0.0,0.0,0.0,0.0,0.0,0.0,0.0,0.0,0.0,0.0,0.0,0.0,0.0,0.0,0.0,0.0,0.0,0.0,0.0,0.0,0.0,0.0
309,0.0,0.0,0.0,0.0,0.0,0.0,0.0,0.0,0.0,0.0,0.0,0.0,0.0,0.0,0.0,0.0,0.0,0.0,0.0,0.0,0.0,0.0,0.0,0.0
310,0.0,0.0,0.0,0.0,0.0,0.0,0.0,0.0,0.0,0.0,0.0,0.0,0.0,0.0,0.0,0.0,0.0,0.0,0.0,0.0,0.0,0.0,0.0,0.0
311,0.0,0.0,0.0,0.0,0.0,0.0,0.0,0.0,0.0,0.0,0.0,0.0,0.0,0.0,0.0,0.0,0.0,0.0,0.0,0.0,0.0,0.0,0.0,0.0
312,0.0,0.0,0.0,0.0,0.0,0.0,0.0,0.0,0.0,0.0,0.0,0.0,0.0,0.0,0.0,0.0,0.0,0.0,0.0,0.0,0.0,0.0,0.0,0.0
313,0.0,0.0,0.0,0.0,0.0,0.0,0.0,0.0,0.0,0.0,0.0,0.0,0.0,0.0,0.0,0.0,0.0,0.0,0.0,0.0,0.0,0.0,0.0,0.0
314,0.0,0.0,0.0,0.0,0.0,0.0,0.0,0.0,0.0,0.0,0.0,0.0,0.0,0.0,0.0,0.0,0.0,0.0,0.0,0.0,0.0,0.0,0.0,0.0
315,4.921,4.4254,4.2599,4.1271,4.1528,4.4764,5.1674,5.6099,5.6265,5.5145,5.2632,5.0255,4.8647,4.8206,4.69,4.7057,4.8218,5.2164,5.6602,6.2714,6.8547,6.632,6.1178,5.3805
316,0.0,0.0,0.0,0.0,0.0,0.0,0.0,0.0,0.0,0.0,0.0,0.0,0.0,0.0,0.0,0.0,0.0,0.0,0.0,0.0,0.0,0.0,0.0,0.0
317,0.0,0.0,0.0,0.0,0.0,0.0,0.0,0.0,0.0,0.0,0.0,0.0,0.0,0.0,0.0,0.0,0.0,0.0,0.0,0.0,0.0,0.0,0.0,0.0
318,0.0,0.0,0.0,0.0,0.0,0.0,0.0,0.0,0.0,0.0,0.0,0.0,0.0,0.0,0.0,0.0,0.0,0.0,0.0,0.0,0.0,0.0,0.0,0.0
319,0.0,0.0,0.0,0.0,0.0,0.0,0.0,0.0,0.0,0.0,0.0,0.0,0.0,0.0,0.0,0.0,0.0,0.0,0.0,0.0,0.0,0.0,0.0,0.0
320,0.0,0.0,0.0,0.0,0.0,0.0,0.0,0.0,0.0,0.0,0.0,0.0,0.0,0.0,0.0,0.0,0.0,0.0,0.0,0.0,0.0,0.0,0.0,0.0
321,0.0,0.0,0.0,0.0,0.0,0.0,0.0,0.0,0.0,0.0,0.0,0.0,0.0,0.0,0.0,0.0,0.0,0.0,0.0,0.0,0.0,0.0,0.0,0.0
322,0.0,0.0,0.0,0.0,0.0,0.0,0.0,0.0,0.0,0.0,0.0,0.0,0.0,0.0,0.0,0.0,0.0,0.0,0.0,0.0,0.0,0.0,0.0,0.0
323,0.0,0.0,0.0,0.0,0.0,0.0,0.0,0.0,0.0,0.0,0.0,0.0,0.0,0.0,0.0,0.0,0.0,0.0,0.0,0.0,0.0,0.0,0.0,0.0
324,0.0,0.0,0.0,0.0,0.0,0.0,0.0,0.0,0.0,0.0,0.0,0.0,0.0,0.0,0.0,0.0,0.0,0.0,0.0,0.0,0.0,0.0,0.0,0.0
325,0.0,0.0,0.0,0.0,0.0,0.0,0.0,0.0,0.0,0.0,0.0,0.0,0.0,0.0,0.0,0.0,0.0,0.0,0.0,0.0,0.0,0.0,0.0,0.0
326,0.0,0.0,0.0,0.0,0.0,0.0,0.0,0.0,0.0,0.0,0.0,0.0,0.0,0.0,0.0,0.0,0.0,0.0,0.0,0.0,0.0,0.0,0.0,0.0
327,0.0,0.0,0.0,0.0,0.0,0.0,0.0,0.0,0.0,0.0,0.0,0.0,0.0,0.0,0.0,0.0,0.0,0.0,0.0,0.0,0.0,0.0,0.0,0.0
328,0.0,0.0,0.0,0.0,0.0,0.0,0.0,0.0,0.0,0.0,0.0,0.0,0.0,0.0,0.0,0.0,0.0,0.0,0.0,0.0,0.0,0.0,0.0,0.0
329,0.0,0.0,0.0,0.0,0.0,0.0,0.0,0.0,0.0,0.0,0.0,0.0,0.0,0.0,0.0,0.0,0.0,0.0,0.0,0.0,0.0,0.0,0.0,0.0
330,0.0,0.0,0.0,0.0,0.0,0.0,0.0,0.0,0.0,0.0,0.0,0.0,0.0,0.0,0.0,0.0,0.0,0.0,0.0,0.0,0.0,0.0,0.0,0.0
331,0.0,0.0,0.0,0.0,0.0,0.0,0.0,0.0,0.0,0.0,0.0,0.0,0.0,0.0,0.0,0.0,0.0,0.0,0.0,0.0,0.0,0.0,0.0,0.0
332,0.0,0.0,0.0,0.0,0.0,0.0,0.0,0.0,0.0,0.0,0.0,0.0,0.0,0.0,0.0,0.0,0.0,0.0,0.0,0.0,0.0,0.0,0.0,0.0
333,0.0,0.0,0.0,0.0,0.0,0.0,0.0,0.0,0.0,0.0,0.0,0.0,0.0,0.0,0.0,0.0,0.0,0.0,0.0,0.0,0.0,0.0,0.0,0.0
334,0.0,0.0,0.0,0.0,0.0,0.0,0.0,0.0,0.0,0.0,0.0,0.0,0.0,0.0,0.0,0.0,0.0,0.0,0.0,0.0,0.0,0.0,0.0,0.0
335,0.0,0.0,0.0,0.0,0.0,0.0,0.0,0.0,0.0,0.0,0.0,0.0,0.0,0.0,0.0,0.0,0.0,0.0,0.0,0.0,0.0,0.0,0.0,0.0
336,0.0,0.0,0.0,0.0,0.0,0.0,0.0,0.0,0.0,0.0,0.0,0.0,0.0,0.0,0.0,0.0,0.0,0.0,0.0,0.0,0.0,0.0,0.0,0.0
337,0.0,0.0,0.0,0.0,0.0,0.0,0.0,0.0,0.0,0.0,0.0,0.0,0.0,0.0,0.0,0.0,0.0,0.0,0.0,0.0,0.0,0.0,0.0,0.0
338,0.0,0.0,0.0,0.0,0.0,0.0,0.0,0.0,0.0,0.0,0.0,0.0,0.0,0.0,0.0,0.0,0.0,0.0,0.0,0.0,0.0,0.0,0.0,0.0
339,0.0,0.0,0.0,0.0,0.0,0.0,0.0,0.0,0.0,0.0,0.0,0.0,0.0,0.0,0.0,0.0,0.0,0.0,0.0,0.0,0.0,0.0,0.0,0.0
340,0.0,0.0,0.0,0.0,0.0,0.0,0.0,0.0,0.0,0.0,0.0,0.0,0.0,0.0,0.0,0.0,0.0,0.0,0.0,0.0,0.0,0.0,0.0,0.0
341,0.0,0.0,0.0,0.0,0.0,0.0,0.0,0.0,0.0,0.0,0.0,0.0,0.0,0.0,0.0,0.0,0.0,0.0,0.0,0.0,0.0,0.0,0.0,0.0
342,0.0,0.0,0.0,0.0,0.0,0.0,0.0,0.0,0.0,0.0,0.0,0.0,0.0,0.0,0.0,0.0,0.0,0.0,0.0,0.0,0.0,0.0,0.0,0.0
343,0.0,0.0,0.0,0.0,0.0,0.0,0.0,0.0,0.0,0.0,0.0,0.0,0.0,0.0,0.0,0.0,0.0,0.0,0.0,0.0,0.0,0.0,0.0,0.0
344,0.0,0.0,0.0,0.0,0.0,0.0,0.0,0.0,0.0,0.0,0.0,0.0,0.0,0.0,0.0,0.0,0.0,0.0,0.0,0.0,0.0,0.0,0.0,0.0
345,0.0,0.0,0.0,0.0,0.0,0.0,0.0,0.0,0.0,0.0,0.0,0.0,0.0,0.0,0.0,0.0,0.0,0.0,0.0,0.0,0.0,0.0,0.0,0.0
346,0.0,0.0,0.0,0.0,0.0,0.0,0.0,0.0,0.0,0.0,0.0,0.0,0.0,0.0,0.0,0.0,0.0,0.0,0.0,0.0,0.0,0.0,0.0,0.0
347,0.0,0.0,0.0,0.0,0.0,0.0,0.0,0.0,0.0,0.0,0.0,0.0,0.0,0.0,0.0,0.0,0.0,0.0,0.0,0.0,0.0,0.0,0.0,0.0
348,0.0,0.0,0.0,0.0,0.0,0.0,0.0,0.0,0.0,0.0,0.0,0.0,0.0,0.0,0.0,0.0,0.0,0.0,0.0,0.0,0.0,0.0,0.0,0.0
349,0.0,0.0,0.0,0.0,0.0,0.0,0.0,0.0,0.0,0.0,0.0,0.0,0.0,0.0,0.0,0.0,0.0,0.0,0.0,0.0,0.0,0.0,0.0,0.0
350,0.7033,0.6412,0.621,0.6049,0.6086,0.6488,0.735,0.795,0.8033,0.7955,0.7691,0.7439,0.7255,0.7209,0.706,0.7063,0.7171,0.7598,0.8067,0.872,0.9382,0.9096,0.8458,0.7566
351,0.0,0.0,0.0,0.0,0.0,0.0,0.0,0.0,0.0,0.0,0.0,0.0,0.0,0.0,0.0,0.0,0.0,0.0,0.0,0.0,0.0,0.0,0.0,0.0
352,3.8001,3.3824,3.2404,3.1264,3.1461,3.4203,4.0046,4.3595,4.3483,4.2287,3.996,3.7771,3.6345,3.5936,3.4776,3.4974,3.6106,3.9706,4.3801,4.9413,5.4613,5.276,4.8401,4.2051
353,10.9924,10.4026,10.242,10.1132,10.1732,10.5379,11.3345,12.1272,12.5189,12.7566,12.7648,12.7542,12.6675,12.6695,12.6021,12.5247,12.435,12.5014,12.509,12.5577,12.8365,12.5354,11.9603,11.28
354,2.7442,2.4171,2.3044,2.2138,2.2279,2.4435,2.902,3.1679,3.1424,3.0322,2.8362,2.6526,2.5362,2.5018,2.407,2.4268,2.5257,2.8257,3.1696,3.6394,4.0651,3.9217,3.5788,3.0728
355,4.5159,4.0906,3.9506,3.8383,3.862,4.1386,4.7302,5.1251,5.1605,5.0856,4.8873,4.6988,4.5667,4.532,4.4249,4.4329,4.5196,4.8353,5.1867,5.6726,6.1496,5.9564,5.5172,4.8956
356,0.0,0.0,0.0,0.0,0.0,0.0,0.0,0.0,0.0,0.0,0.0,0.0,0.0,0.0,0.0,0.0,0.0,0.0,0.0,0.0,0.0,0.0,0.0,0.0
357,0.0,0.0,0.0,0.0,0.0,0.0,0.0,0.0,0.0,0.0,0.0,0.0,0.0,0.0,0.0,0.0,0.0,0.0,0.0,0.0,0.0,0.0,0.0,0.0
358,0.0,0.0,0.0,0.0,0.0,0.0,0.0,0.0,0.0,0.0,0.0,0.0,0.0,0.0,0.0,0.0,0.0,0.0,0.0,0.0,0.0,0.0,0.0,0.0
359,1.3434,1.1554,1.0889,1.0355,1.0422,1.1671,1.432,1.5727,1.5411,1.4607,1.334,1.216,1.1443,1.122,1.0635,1.0792,1.1465,1.3374,1.559,1.8602,2.124,2.0431,1.8443,1.5443
360,0.0,0.0,0.0,0.0,0.0,0.0,0.0,0.0,0.0,0.0,0.0,0.0,0.0,0.0,0.0,0.0,0.0,0.0,0.0,0.0,0.0,0.0,0.0,0.0
361,1.293,1.1691,1.1281,1.0953,1.1021,1.1827,1.3551,1.469,1.4777,1.4543,1.3952,1.3391,1.3002,1.2898,1.2582,1.261,1.2872,1.3809,1.4855,1.63,1.7708,1.7146,1.5866,1.4046
362,7.3871,7.0356,6.9459,6.8739,6.9144,7.1284,7.5988,8.1146,8.4086,8.6107,8.6657,8.7038,8.6692,8.6793,8.6535,8.5917,8.5011,8.4749,8.3945,8.3129,8.4112,8.226,7.8893,7.5161
363,0.0,0.0,0.0,0.0,0.0,0.0,0.0,0.0,0.0,0.0,0.0,0.0,0.0,0.0,0.0,0.0,0.0,0.0,0.0,0.0,0.0,0.0,0.0,0.0
364,0.0,0.0,0.0,0.0,0.0,0.0,0.0,0.0,0.0,0.0,0.0,0.0,0.0,0.0,0.0,0.0,0.0,0.0,0.0,0.0,0.0,0.0,0.0,0.0
365,18.0294,17.2861,17.1134,16.9749,17.0743,17.5173,18.5,19.7154,20.5117,21.113,21.3732,21.5815,21.5575,21.6043,21.5909,21.4151,21.1169,20.8723,20.4583,19.9676,19.9809,19.5722,18.8774,18.1808
366,0.4946,0.4254,0.4009,0.3812,0.3837,0.4297,0.5272,0.579,0.5674,0.5378,0.4911,0.4477,0.4213,0.4131,0.3915,0.3973,0.4221,0.4924,0.574,0.6848,0.782,0.7522,0.679,0.5685
367,0.0,0.0,0.0,0.0,0.0,0.0,0.0,0.0,0.0,0.0,0.0,0.0,0.0,0.0,0.0,0.0,0.0,0.0,0.0,0.0,0.0,0.0,0.0,0.0
368,0.0,0.0,0.0,0.0,0.0,0.0,0.0,0.0,0.0,0.0,0.0,0.0,0.0,0.0,0.0,0.0,0.0,0.0,0.0,0.0,0.0,0.0,0.0,0.0
369,0.0,0.0,0.0,0.0,0.0,0.0,0.0,0.0,0.0,0.0,0.0,0.0,0.0,0.0,0.0,0.0,0.0,0.0,0.0,0.0,0.0,0.0,0.0,0.0
370,0.0,0.0,0.0,0.0,0.0,0.0,0.0,0.0,0.0,0.0,0.0,0.0,0.0,0.0,0.0,0.0,0.0,0.0,0.0,0.0,0.0,0.0,0.0,0.0
371,12.5128,11.1576,10.6983,10.3297,10.3946,11.2833,13.1777,14.3388,14.3157,13.9413,13.1975,12.4973,12.0383,11.9077,11.5345,11.5951,11.9543,13.1076,14.4173,16.2133,17.885,17.2825,15.8698,13.817
372,0.0,0.0,0.0,0.0,0.0,0.0,0.0,0.0,0.0,0.0,0.0,0.0,0.0,0.0,0.0,0.0,0.0,0.0,0.0,0.0,0.0,0.0,0.0,0.0
373,3.455,3.2673,3.2159,3.1746,3.1935,3.3097,3.5634,3.8134,3.935,4.0075,4.0075,4.0019,3.9734,3.9736,3.9514,3.9276,3.901,3.9254,3.9322,3.9534,4.0456,3.9501,3.7668,3.5487
374,10.2127,9.6004,9.4252,9.2847,9.3401,9.7234,10.5564,11.3172,11.6371,11.7973,11.734,11.6595,11.5451,11.5345,11.444,11.386,11.3461,11.509,11.6384,11.8473,12.2336,11.9295,11.3239,10.5717
375,0.0,0.0,0.0,0.0,0.0,0.0,0.0,0.0,0.0,0.0,0.0,0.0,0.0,0.0,0.0,0.0,0.0,0.0,0.0,0.0,0.0,0.0,0.0,0.0
376,10.1721,9.7355,9.631,9.5473,9.6033,9.8652,10.4446,11.1368,11.5742,11.8972,12.025,12.1251,12.1024,12.1255,12.1104,12.015,11.8584,11.7477,11.547,11.3141,11.3558,11.1187,10.7075,10.2822
377,0.0,0.0,0.0,0.0,0.0,0.0,0.0,0.0,0.0,0.0,0.0,0.0,0.0,0.0,0.0,0.0,0.0,0.0,0.0,0.0,0.0,0.0,0.0,0.0
378,14.7807,13.7613,13.4539,13.2072,13.2867,13.9338,15.3318,16.4833,16.8549,16.961,16.7227,16.4808,16.245,16.2037,16.0149,15.9601,15.9922,16.438,16.8788,17.5204,18.3435,17.8527,16.8284,15.4906
379,8.2225,7.5602,7.3506,7.1825,7.2262,7.6522,8.5675,9.2442,9.3855,9.3547,9.1172,8.8867,8.7053,8.6639,8.5175,8.5077,8.5899,8.9881,9.4146,10.014,10.6606,10.3514,9.676,8.7536
380,0.0,0.0,0.0,0.0,0.0,0.0,0.0,0.0,0.0,0.0,0.0,0.0,0.0,0.0,0.0,0.0,0.0,0.0,0.0,0.0,0.0,0.0,0.0,0.0
381,4.6192,4.2997,4.2032,4.1258,4.1507,4.3535,4.7918,5.152,5.2675,5.2998,5.2243,5.1477,5.0735,5.0604,5.001,4.9841,4.9948,5.1356,5.2751,5.478,5.7371,5.5834,5.2623,4.8424
382,0.0,0.0,0.0,0.0,0.0,0.0,0.0,0.0,0.0,0.0,0.0,0.0,0.0,0.0,0.0,0.0,0.0,0.0,0.0,0.0,0.0,0.0,0.0,0.0
383,0.0,0.0,0.0,0.0,0.0,0.0,0.0,0.0,0.0,0.0,0.0,0.0,0.0,0.0,0.0,0.0,0.0,0.0,0.0,0.0,0.0,0.0,0.0,0.0
384,0.0,0.0,0.0,0.0,0.0,0.0,0.0,0.0,0.0,0.0,0.0,0.0,0.0,0.0,0.0,0.0,0.0,0.0,0.0,0.0,0.0,0.0,0.0,0.0
385,0.0,0.0,0.0,0.0,0.0,0.0,0.0,0.0,0.0,0.0,0.0,0.0,0.0,0.0,0.0,0.0,0.0,0.0,0.0,0.0,0.0,0.0,0.0,0.0
386,3.7743,3.4974,3.4121,3.3437,3.3639,3.5407,3.9218,4.2221,4.3056,4.317,4.2378,4.1592,4.0902,4.0764,4.021,4.0106,4.0301,4.1702,4.3144,4.5207,4.7639,4.6322,4.3522,3.9794
387,0.0,0.0,0.0,0.0,0.0,0.0,0.0,0.0,0.0,0.0,0.0,0.0,0.0,0.0,0.0,0.0,0.0,0.0,0.0,0.0,0.0,0.0,0.0,0.0
388,0.0,0.0,0.0,0.0,0.0,0.0,0.0,0.0,0.0,0.0,0.0,0.0,0.0,0.0,0.0,0.0,0.0,0.0,0.0,0.0,0.0,0.0,0.0,0.0
389,0.0,0.0,0.0,0.0,0.0,0.0,0.0,0.0,0.0,0.0,0.0,0.0,0.0,0.0,0.0,0.0,0.0,0.0,0.0,0.0,0.0,0.0,0.0,0.0
390,0.0,0.0,0.0,0.0,0.0,0.0,0.0,0.0,0.0,0.0,0.0,0.0,0.0,0.0,0.0,0.0,0.0,0.0,0.0,0.0,0.0,0.0,0.0,0.0
391,0.0,0.0,0.0,0.0,0.0,0.0,0.0,0.0,0.0,0.0,0.0,0.0,0.0,0.0,0.0,0.0,0.0,0.0,0.0,0.0,0.0,0.0,0.0,0.0
392,4.2701,3.9994,3.9203,3.8568,3.8798,4.0503,4.4197,4.7434,4.867,4.9202,4.8776,4.8317,4.7762,4.7689,4.7247,4.7036,4.6968,4.7881,4.87,4.9947,5.1852,5.0525,4.783,4.4411
393,0.0,0.0,0.0,0.0,0.0,0.0,0.0,0.0,0.0,0.0,0.0,0.0,0.0,0.0,0.0,0.0,0.0,0.0,0.0,0.0,0.0,0.0,0.0,0.0
394,0.0,0.0,0.0,0.0,0.0,0.0,0.0,0.0,0.0,0.0,0.0,0.0,0.0,0.0,0.0,0.0,0.0,0.0,0.0,0.0,0.0,0.0,0.0,0.0
395,0.0,0.0,0.0,0.0,0.0,0.0,0.0,0.0,0.0,0.0,0.0,0.0,0.0,0.0,0.0,0.0,0.0,0.0,0.0,0.0,0.0,0.0,0.0,0.0
396,0.0,0.0,0.0,0.0,0.0,0.0,0.0,0.0,0.0,0.0,0.0,0.0,0.0,0.0,0.0,0.0,0.0,0.0,0.0,0.0,0.0,0.0,0.0,0.0
397,0.0,0.0,0.0,0.0,0.0,0.0,0.0,0.0,0.0,0.0,0.0,0.0,0.0,0.0,0.0,0.0,0.0,0.0,0.0,0.0,0.0,0.0,0.0,0.0
398,0.0,0.0,0.0,0.0,0.0,0.0,0.0,0.0,0.0,0.0,0.0,0.0,0.0,0.0,0.0,0.0,0.0,0.0,0.0,0.0,0.0,0.0,0.0,0.0
399,0.0,0.0,0.0,0.0,0.0,0.0,0.0,0.0,0.0,0.0,0.0,0.0,0.0,0.0,0.0,0.0,0.0,0.0,0.0,0.0,0.0,0.0,0.0,0.0
400,0.0,0.0,0.0,0.0,0.0,0.0,0.0,0.0,0.0,0.0,0.0,0.0,0.0,0.0,0.0,0.0,0.0,0.0,0.0,0.0,0.0,0.0,0.0,0.0
401,4.2766,3.8991,3.7767,3.6786,3.7012,3.9456,4.4694,4.8338,4.8847,4.8375,4.6776,4.5244,4.4127,4.3847,4.2943,4.2964,4.3614,4.6206,4.9052,5.3011,5.7029,5.5295,5.1416,4.6001
402,0.0,0.0,0.0,0.0,0.0,0.0,0.0,0.0,0.0,0.0,0.0,0.0,0.0,0.0,0.0,0.0,0.0,0.0,0.0,0.0,0.0,0.0,0.0,0.0
403,0.0,0.0,0.0,0.0,0.0,0.0,0.0,0.0,0.0,0.0,0.0,0.0,0.0,0.0,0.0,0.0,0.0,0.0,0.0,0.0,0.0,0.0,0.0,0.0
404,0.0,0.0,0.0,0.0,0.0,0.0,0.0,0.0,0.0,0.0,0.0,0.0,0.0,0.0,0.0,0.0,0.0,0.0,0.0,0.0,0.0,0.0,0.0,0.0
405,0.0,0.0,0.0,0.0,0.0,0.0,0.0,0.0,0.0,0.0,0.0,0.0,0.0,0.0,0.0,0.0,0.0,0.0,0.0,0.0,0.0,0.0,0.0,0.0
406,11.5254,10.6508,10.3789,10.1607,10.2223,10.7821,11.9873,12.9154,13.1504,13.158,12.8844,12.6155,12.3897,12.342,12.1602,12.1348,12.2136,12.6869,13.1823,13.8854,14.6851,14.2721,13.3851,12.1929
407,0.0,0.0,0.0,0.0,0.0,0.0,0.0,0.0,0.0,0.0,0.0,0.0,0.0,0.0,0.0,0.0,0.0,0.0,0.0,0.0,0.0,0.0,0.0,0.0
408,0.0,0.0,0.0,0.0,0.0,0.0,0.0,0.0,0.0,0.0,0.0,0.0,0.0,0.0,0.0,0.0,0.0,0.0,0.0,0.0,0.0,0.0,0.0,0.0
409,0.0,0.0,0.0,0.0,0.0,0.0,0.0,0.0,0.0,0.0,0.0,0.0,0.0,0.0,0.0,0.0,0.0,0.0,0.0,0.0,0.0,0.0,0.0,0.0
410,0.0,0.0,0.0,0.0,0.0,0.0,0.0,0.0,0.0,0.0,0.0,0.0,0.0,0.0,0.0,0.0,0.0,0.0,0.0,0.0,0.0,0.0,0.0,0.0
411,0.0,0.0,0.0,0.0,0.0,0.0,0.0,0.0,0.0,0.0,0.0,0.0,0.0,0.0,0.0,0.0,0.0,0.0,0.0,0.0,0.0,0.0,0.0,0.0
412,0.0,0.0,0.0,0.0,0.0,0.0,0.0,0.0,0.0,0.0,0.0,0.0,0.0,0.0,0.0,0.0,0.0,0.0,0.0,0.0,0.0,0.0,0.0,0.0
413,0.0,0.0,0.0,0.0,0.0,0.0,0.0,0.0,0.0,0.0,0.0,0.0,0.0,0.0,0.0,0.0,0.0,0.0,0.0,0.0,0.0,0.0,0.0,0.0
414,0.0,0.0,0.0,0.0,0.0,0.0,0.0,0.0,0.0,0.0,0.0,0.0,0.0,0.0,0.0,0.0,0.0,0.0,0.0,0.0,0.0,0.0,0.0,0.0
415,0.0,0.0,0.0,0.0,0.0,0.0,0.0,0.0,0.0,0.0,0.0,0.0,0.0,0.0,0.0,0.0,0.0,0.0,0.0,0.0,0.0,0.0,0.0,0.0
416,0.0,0.0,0.0,0.0,0.0,0.0,0.0,0.0,0.0,0.0,0.0,0.0,0.0,0.0,0.0,0.0,0.0,0.0,0.0,0.0,0.0,0.0,0.0,0.0
417,0.0,0.0,0.0,0.0,0.0,0.0,0.0,0.0,0.0,0.0,0.0,0.0,0.0,0.0,0.0,0.0,0.0,0.0,0.0,0.0,0.0,0.0,0.0,0.0
418,2.9901,2.585,2.4424,2.3279,2.343,2.6117,3.1818,3.49,3.4287,3.2626,2.9953,2.7462,2.5936,2.5466,2.4222,2.4544,2.5951,2.9988,3.4664,4.1026,4.6631,4.4882,4.0605,3.4179
419,0.0,0.0,0.0,0.0,0.0,0.0,0.0,0.0,0.0,0.0,0.0,0.0,0.0,0.0,0.0,0.0,0.0,0.0,0.0,0.0,0.0,0.0,0.0,0.0
420,0.0,0.0,0.0,0.0,0.0,0.0,0.0,0.0,0.0,0.0,0.0,0.0,0.0,0.0,0.0,0.0,0.0,0.0,0.0,0.0,0.0,0.0,0.0,0.0
421,0.0,0.0,0.0,0.0,0.0,0.0,0.0,0.0,0.0,0.0,0.0,0.0,0.0,0.0,0.0,0.0,0.0,0.0,0.0,0.0,0.0,0.0,0.0,0.0
422,0.0,0.0,0.0,0.0,0.0,0.0,0.0,0.0,0.0,0.0,0.0,0.0,0.0,0.0,0.0,0.0,0.0,0.0,0.0,0.0,0.0,0.0,0.0,0.0
423,0.0,0.0,0.0,0.0,0.0,0.0,0.0,0.0,0.0,0.0,0.0,0.0,0.0,0.0,0.0,0.0,0.0,0.0,0.0,0.0,0.0,0.0,0.0,0.0
424,0.0,0.0,0.0,0.0,0.0,0.0,0.0,0.0,0.0,0.0,0.0,0.0,0.0,0.0,0.0,0.0,0.0,0.0,0.0,0.0,0.0,0.0,0.0,0.0
425,0.0,0.0,0.0,0.0,0.0,0.0,0.0,0.0,0.0,0.0,0.0,0.0,0.0,0.0,0.0,0.0,0.0,0.0,0.0,0.0,0.0,0.0,0.0,0.0
426,0.0,0.0,0.0,0.0,0.0,0.0,0.0,0.0,0.0,0.0,0.0,0.0,0.0,0.0,0.0,0.0,0.0,0.0,0.0,0.0,0.0,0.0,0.0,0.0
427,0.0,0.0,0.0,0.0,0.0,0.0,0.0,0.0,0.0,0.0,0.0,0.0,0.0,0.0,0.0,0.0,0.0,0.0,0.0,0.0,0.0,0.0,0.0,0.0
428,0.0,0.0,0.0,0.0,0.0,0.0,0.0,0.0,0.0,0.0,0.0,0.0,0.0,0.0,0.0,0.0,0.0,0.0,0.0,0.0,0.0,0.0,0.0,0.0
429,0.0,0.0,0.0,0.0,0.0,0.0,0.0,0.0,0.0,0.0,0.0,0.0,0.0,0.0,0.0,0.0,0.0,0.0,0.0,0.0,0.0,0.0,0.0,0.0
430,0.0,0.0,0.0,0.0,0.0,0.0,0.0,0.0,0.0,0.0,0.0,0.0,0.0,0.0,0.0,0.0,0.0,0.0,0.0,0.0,0.0,0.0,0.0,0.0
431,2.179,2.0089,1.9556,1.9128,1.9245,2.0335,2.2682,2.4454,2.4866,2.4836,2.4268,2.3712,2.326,2.3161,2.2797,2.2759,2.294,2.3909,2.4934,2.6383,2.7987,2.7189,2.546,2.3118
432,0.0,0.0,0.0,0.0,0.0,0.0,0.0,0.0,0.0,0.0,0.0,0.0,0.0,0.0,0.0,0.0,0.0,0.0,0.0,0.0,0.0,0.0,0.0,0.0
433,0.0,0.0,0.0,0.0,0.0,0.0,0.0,0.0,0.0,0.0,0.0,0.0,0.0,0.0,0.0,0.0,0.0,0.0,0.0,0.0,0.0,0.0,0.0,0.0
434,0.0,0.0,0.0,0.0,0.0,0.0,0.0,0.0,0.0,0.0,0.0,0.0,0.0,0.0,0.0,0.0,0.0,0.0,0.0,0.0,0.0,0.0,0.0,0.0
435,0.0,0.0,0.0,0.0,0.0,0.0,0.0,0.0,0.0,0.0,0.0,0.0,0.0,0.0,0.0,0.0,0.0,0.0,0.0,0.0,0.0,0.0,0.0,0.0
436,0.0,0.0,0.0,0.0,0.0,0.0,0.0,0.0,0.0,0.0,0.0,0.0,0.0,0.0,0.0,0.0,0.0,0.0,0.0,0.0,0.0,0.0,0.0,0.0
437,0.0,0.0,0.0,0.0,0.0,0.0,0.0,0.0,0.0,0.0,0.0,0.0,0.0,0.0,0.0,0.0,0.0,0.0,0.0,0.0,0.0,0.0,0.0,0.0
438,16.1808,15.2797,15.03,14.8297,14.9178,15.4774,16.6974,17.8768,18.4309,18.7498,18.7256,18.677,18.5321,18.5286,18.4151,18.3083,18.1985,18.3479,18.4216,18.577,19.0524,18.5968,17.7137,16.651
439,0.0,0.0,0.0,0.0,0.0,0.0,0.0,0.0,0.0,0.0,0.0,0.0,0.0,0.0,0.0,0.0,0.0,0.0,0.0,0.0,0.0,0.0,0.0,0.0
440,0.0,0.0,0.0,0.0,0.0,0.0,0.0,0.0,0.0,0.0,0.0,0.0,0.0,0.0,0.0,0.0,0.0,0.0,0.0,0.0,0.0,0.0,0.0,0.0
441,0.0,0.0,0.0,0.0,0.0,0.0,0.0,0.0,0.0,0.0,0.0,0.0,0.0,0.0,0.0,0.0,0.0,0.0,0.0,0.0,0.0,0.0,0.0,0.0
442,0.0,0.0,0.0,0.0,0.0,0.0,0.0,0.0,0.0,0.0,0.0,0.0,0.0,0.0,0.0,0.0,0.0,0.0,0.0,0.0,0.0,0.0,0.0,0.0
443,0.0,0.0,0.0,0.0,0.0,0.0,0.0,0.0,0.0,0.0,0.0,0.0,0.0,0.0,0.0,0.0,0.0,0.0,0.0,0.0,0.0,0.0,0.0,0.0
444,0.0,0.0,0.0,0.0,0.0,0.0,0.0,0.0,0.0,0.0,0.0,0.0,0.0,0.0,0.0,0.0,0.0,0.0,0.0,0.0,0.0,0.0,0.0,0.0
445,0.0,0.0,0.0,0.0,0.0,0.0,0.0,0.0,0.0,0.0,0.0,0.0,0.0,0.0,0.0,0.0,0.0,0.0,0.0,0.0,0.0,0.0,0.0,0.0
446,0.0,0.0,0.0,0.0,0.0,0.0,0.0,0.0,0.0,0.0,0.0,0.0,0.0,0.0,0.0,0.0,0.0,0.0,0.0,0.0,0.0,0.0,0.0,0.0
447,0.0,0.0,0.0,0.0,0.0,0.0,0.0,0.0,0.0,0.0,0.0,0.0,0.0,0.0,0.0,0.0,0.0,0.0,0.0,0.0,0.0,0.0,0.0,0.0
448,0.0,0.0,0.0,0.0,0.0,0.0,0.0,0.0,0.0,0.0,0.0,0.0,0.0,0.0,0.0,0.0,0.0,0.0,0.0,0.0,0.0,0.0,0.0,0.0
449,13.9926,12.6233,12.1688,11.8041,11.8774,12.7699,14.6772,15.9203,15.9948,15.714,15.0432,14.4073,13.971,13.8534,13.4995,13.5355,13.8385,14.8978,16.0842,17.7206,19.3005,18.6823,17.2645,15.2422
450,0.0,0.0,0.0,0.0,0.0,0.0,0.0,0.0,0.0,0.0,0.0,0.0,0.0,0.0,0.0,0.0,0.0,0.0,0.0,0.0,0.0,0.0,0.0,0.0
451,0.0,0.0,0.0,0.0,0.0,0.0,0.0,0.0,0.0,0.0,0.0,0.0,0.0,0.0,0.0,0.0,0.0,0.0,0.0,0.0,0.0,0.0,0.0,0.0
452,0.0,0.0,0.0,0.0,0.0,0.0,0.0,0.0,0.0,0.0,0.0,0.0,0.0,0.0,0.0,0.0,0.0,0.0,0.0,0.0,0.0,0.0,0.0,0.0
453,0.0,0.0,0.0,0.0,0.0,0.0,0.0,0.0,0.0,0.0,0.0,0.0,0.0,0.0,0.0,0.0,0.0,0.0,0.0,0.0,0.0,0.0,0.0,0.0
454,0.0,0.0,0.0,0.0,0.0,0.0,0.0,0.0,0.0,0.0,0.0,0.0,0.0,0.0,0.0,0.0,0.0,0.0,0.0,0.0,0.0,0.0,0.0,0.0
455,0.0,0.0,0.0,0.0,0.0,0.0,0.0,0.0,0.0,0.0,0.0,0.0,0.0,0.0,0.0,0.0,0.0,0.0,0.0,0.0,0.0,0.0,0.0,0.0
456,9.48,8.5661,8.2638,8.0212,8.0709,8.666,9.9382,10.7752,10.8351,10.658,10.2188,9.8019,9.5136,9.4366,9.2028,9.2242,9.4202,10.116,10.8935,11.9668,13.0098,12.5962,11.651,10.3068
457,0.0,0.0,0.0,0.0,0.0,0.0,0.0,0.0,0.0,0.0,0.0,0.0,0.0,0.0,0.0,0.0,0.0,0.0,0.0,0.0,0.0,0.0,0.0,0.0
458,28.4049,26.3363,25.7011,25.1915,25.3438,26.6633,29.5081,31.7627,32.4015,32.5021,31.9234,31.3481,30.8372,30.7365,30.3262,30.2447,30.3803,31.4099,32.4656,33.9776,35.7765,34.7916,32.7018,29.9259
459,0.0,0.0,0.0,0.0,0.0,0.0,0.0,0.0,0.0,0.0,0.0,0.0,0.0,0.0,0.0,0.0,0.0,0.0,0.0,0.0,0.0,0.0,0.0,0.0
460,12.2327,11.0862,10.7094,10.4069,10.4713,11.2165,12.8108,13.8784,13.9782,13.7805,13.2498,12.7448,12.3901,12.2971,12.0096,12.0301,12.2609,13.1072,14.048,15.3497,16.6306,16.1094,14.9261,13.2528
461,0.0,0.0,0.0,0.0,0.0,0.0,0.0,0.0,0.0,0.0,0.0,0.0,0.0,0.0,0.0,0.0,0.0,0.0,0.0,0.0,0.0,0.0,0.0,0.0
462,0.0,0.0,0.0,0.0,0.0,0.0,0.0,0.0,0.0,0.0,0.0,0.0,0.0,0.0,0.0,0.0,0.0,0.0,0.0,0.0,0.0,0.0,0.0,0.0
463,0.0,0.0,0.0,0.0,0.0,0.0,0.0,0.0,0.0,0.0,0.0,0.0,0.0,0.0,0.0,0.0,0.0,0.0,0.0,0.0,0.0,0.0,0.0,0.0
464,0.0,0.0,0.0,0.0,0.0,0.0,0.0,0.0,0.0,0.0,0.0,0.0,0.0,0.0,0.0,0.0,0.0,0.0,0.0,0.0,0.0,0.0,0.0,0.0
465,0.0,0.0,0.0,0.0,0.0,0.0,0.0,0.0,0.0,0.0,0.0,0.0,0.0,0.0,0.0,0.0,0.0,0.0,0.0,0.0,0.0,0.0,0.0,0.0
466,12.9095,12.0445,11.7863,11.5791,11.6486,12.1963,13.3806,14.3768,14.7187,14.8353,14.6551,14.4694,14.2768,14.2456,14.0918,14.0383,14.0493,14.3987,14.7354,15.2312,15.8998,15.4808,14.6143,13.4933
467,0.0,0.0,0.0,0.0,0.0,0.0,0.0,0.0,0.0,0.0,0.0,0.0,0.0,0.0,0.0,0.0,0.0,0.0,0.0,0.0,0.0,0.0,0.0,0.0
468,0.0,0.0,0.0,0.0,0.0,0.0,0.0,0.0,0.0,0.0,0.0,0.0,0.0,0.0,0.0,0.0,0.0,0.0,0.0,0.0,0.0,0.0,0.0,0.0
469,4.5863,4.243,4.1367,4.0514,4.076,4.2954,4.7681,5.1356,5.2324,5.24,5.1363,5.0341,4.9468,4.9287,4.8584,4.8473,4.8754,5.0563,5.2443,5.512,5.8208,5.6583,5.3106,4.8451
470,0.0,0.0,0.0,0.0,0.0,0.0,0.0,0.0,0.0,0.0,0.0,0.0,0.0,0.0,0.0,0.0,0.0,0.0,0.0,0.0,0.0,0.0,0.0,0.0
471,0.0,0.0,0.0,0.0,0.0,0.0,0.0,0.0,0.0,0.0,0.0,0.0,0.0,0.0,0.0,0.0,0.0,0.0,0.0,0.0,0.0,0.0,0.0,0.0
472,3.4407,3.0785,2.9564,2.8584,2.8763,3.1134,3.6193,3.9347,3.9355,3.8423,3.6492,3.4672,3.3464,3.3126,3.2145,3.2289,3.3206,3.6213,3.9617,4.4291,4.8681,4.7064,4.3295,3.7845
473,0.0,0.0,0.0,0.0,0.0,0.0,0.0,0.0,0.0,0.0,0.0,0.0,0.0,0.0,0.0,0.0,0.0,0.0,0.0,0.0,0.0,0.0,0.0,0.0
474,0.0,0.0,0.0,0.0,0.0,0.0,0.0,0.0,0.0,0.0,0.0,0.0,0.0,0.0,0.0,0.0,0.0,0.0,0.0,0.0,0.0,0.0,0.0,0.0
475,32.7819,30.9692,30.4686,30.0671,30.2455,31.3704,33.8235,36.208,37.3394,37.9976,37.9627,37.8773,37.5904,37.5859,37.3616,37.1424,36.9113,37.1937,37.3186,37.6006,38.5383,37.6201,35.8453,33.7162
476,0.0,0.0,0.0,0.0,0.0,0.0,0.0,0.0,0.0,0.0,0.0,0.0,0.0,0.0,0.0,0.0,0.0,0.0,0.0,0.0,0.0,0.0,0.0,0.0
477,10.5619,9.8561,9.6456,9.4767,9.5336,9.9803,10.9465,11.7608,12.0419,12.1391,11.9937,11.8437,11.6871,11.662,11.5369,11.4928,11.5005,11.7834,12.0552,12.456,12.9993,12.6572,11.9504,11.0368
478,0.0,0.0,0.0,0.0,0.0,0.0,0.0,0.0,0.0,0.0,0.0,0.0,0.0,0.0,0.0,0.0,0.0,0.0,0.0,0.0,0.0,0.0,0.0,0.0
479,0.0,0.0,0.0,0.0,0.0,0.0,0.0,0.0,0.0,0.0,0.0,0.0,0.0,0.0,0.0,0.0,0.0,0.0,0.0,0.0,0.0,0.0,0.0,0.0
480,0.0,0.0,0.0,0.0,0.0,0.0,0.0,0.0,0.0,0.0,0.0,0.0,0.0,0.0,0.0,0.0,0.0,0.0,0.0,0.0,0.0,0.0,0.0,0.0
481,8.6785,7.8268,7.544,7.3169,7.3624,7.9176,9.1041,9.876,9.9205,9.7441,9.3254,8.9285,8.6567,8.5833,8.3627,8.3855,8.5751,9.236,9.9764,10.9975,11.9821,11.5978,10.7158,9.457
482,0.0,0.0,0.0,0.0,0.0,0.0,0.0,0.0,0.0,0.0,0.0,0.0,0.0,0.0,0.0,0.0,0.0,0.0,0.0,0.0,0.0,0.0,0.0,0.0
483,0.0,0.0,0.0,0.0,0.0,0.0,0.0,0.0,0.0,0.0,0.0,0.0,0.0,0.0,0.0,0.0,0.0,0.0,0.0,0.0,0.0,0.0,0.0,0.0
484,0.0,0.0,0.0,0.0,0.0,0.0,0.0,0.0,0.0,0.0,0.0,0.0,0.0,0.0,0.0,0.0,0.0,0.0,0.0,0.0,0.0,0.0,0.0,0.0
485,0.0,0.0,0.0,0.0,0.0,0.0,0.0,0.0,0.0,0.0,0.0,0.0,0.0,0.0,0.0,0.0,0.0,0.0,0.0,0.0,0.0,0.0,0.0,0.0
486,15.998,14.6702,14.2467,13.9069,13.9919,14.8476,16.6848,18.0161,18.2644,18.1676,17.6626,17.1749,16.8014,16.7131,16.4115,16.401,16.5871,17.4233,18.3274,19.5929,20.9282,20.3117,18.9544,17.0869
487,0.0,0.0,0.0,0.0,0.0,0.0,0.0,0.0,0.0,0.0,0.0,0.0,0.0,0.0,0.0,0.0,0.0,0.0,0.0,0.0,0.0,0.0,0.0,0.0
488,1.6684,1.5017,1.4461,1.4015,1.4102,1.519,1.7514,1.9009,1.9074,1.8707,1.787,1.7077,1.6539,1.6392,1.5955,1.6005,1.639,1.7707,1.9186,2.1224,2.3176,2.2426,2.0697,1.8222
489,0.0,0.0,0.0,0.0,0.0,0.0,0.0,0.0,0.0,0.0,0.0,0.0,0.0,0.0,0.0,0.0,0.0,0.0,0.0,0.0,0.0,0.0,0.0,0.0
