bus,2018-10-23 00:00:00-05:00,2018-10-23 01:00:00-05:00,2018-10-23 02:00:00-05:00,2018-10-23 03:00:00-05:00,2018-10-23 04:00:00-05:00,2018-10-23 05:00:00-05:00,2018-10-23 06:00:00-05:00,2018-10-23 07:00:00-05:00,2018-10-23 08:00:00-05:00,2018-10-23 09:00:00-05:00,2018-10-23 10:00:00-05:00,2018-10-23 11:00:00-05:00,2018-10-23 12:00:00-05:00,2018-10-23 13:00:00-05:00,2018-10-23 14:00:00-05:00,2018-10-23 15:00:00-05:00,2018-10-23 16:00:00-05:00,2018-10-23 17:00:00-05:00,2018-10-23 18:00:00-05:00,2018-10-23 19:00:00-05:00,2018-10-23 20:00:00-05:00,2018-10-23 21:00:00-05:00,2018-10-23 22:00:00-05:00,2018-10-23 23:00:00-05:00
1,15.3497,14.1706,13.5122,12.9831,12.9762,13.7146,15.1704,16.6857,16.5177,15.9959,15.655,15.544,15.7406,16.2865,17.3382,18.5206,19.7906,20.7343,20.9236,22.1295,21.3035,20.0674,18.4823,16.6325
2,6.8195,6.3865,6.1259,5.9235,5.9172,6.1993,6.809,7.4574,7.4576,7.3506,7.3234,7.334,7.4606,7.7067,8.1487,8.5975,9.022,9.3047,9.2727,9.6306,9.2648,8.7412,8.0877,7.353
3,22.3718,20.154,19.0191,18.0683,18.0762,19.4048,21.7303,24.075,23.4188,21.9727,20.7927,20.3019,20.3723,21.1483,22.8204,24.964,27.5829,29.7088,30.6228,33.358,32.1475,30.2051,27.6165,24.4415
4,17.6721,16.2489,15.4678,14.8351,14.8295,15.7128,17.4156,19.178,18.9306,18.2397,17.7574,17.5864,17.7843,18.4102,19.6394,21.0559,22.619,23.8041,24.106,25.6228,24.671,23.2293,21.3678,19.1752
5,0.0,0.0,0.0,0.0,0.0,0.0,0.0,0.0,0.0,0.0,0.0,0.0,0.0,0.0,0.0,0.0,0.0,0.0,0.0,0.0,0.0,0.0,0.0,0.0
6,8.0274,7.549,7.2532,7.0264,7.0178,7.334,8.0389,8.7935,8.8197,8.7368,8.7477,8.7808,8.9435,9.2344,9.7459,10.2478,10.6992,10.9848,10.9071,11.2668,10.8367,10.2293,9.4774,8.6427
7,30.9868,28.0179,26.4821,25.2022,25.2095,26.9977,30.1767,33.3963,32.5721,30.7104,29.2168,28.6049,28.7469,29.8258,32.1131,34.9956,38.4646,41.2545,42.3891,45.976,44.3007,41.6393,38.1113,33.8123
8,11.1706,10.4228,9.9824,9.6372,9.6281,10.1097,11.1241,12.1967,12.1654,11.9372,11.84,11.832,12.0228,12.4244,13.159,13.9266,14.6811,15.2021,15.1988,15.8604,15.2607,14.3923,13.3002,12.0599
9,2.1884,1.945,1.8247,1.7222,1.7239,1.8672,2.1055,2.3421,2.2561,2.0783,1.9268,1.8613,1.8568,1.9316,2.1026,2.3345,2.6313,2.879,3.0022,3.3215,3.2027,3.0053,2.7373,2.4014
10,10.8857,9.5823,8.9513,8.4079,8.4199,9.1798,10.4028,11.605,11.1008,10.0891,9.208,8.8214,8.7585,9.1273,10.0034,11.2353,12.8547,14.2263,14.9578,16.7279,16.1359,15.1275,13.7429,11.9828
11,19.2204,18.2618,17.6193,17.1434,17.116,17.7786,19.3903,21.1461,21.3628,21.4208,21.7025,21.905,22.3754,23.0794,24.2518,25.2963,26.0897,26.4927,26.0678,26.5634,25.5359,24.1342,22.4382,20.6189
12,0.0,0.0,0.0,0.0,0.0,0.0,0.0,0.0,0.0,0.0,0.0,0.0,0.0,0.0,0.0,0.0,0.0,0.0,0.0,0.0,0.0,0.0,0.0,0.0
13,0.0,0.0,0.0,0.0,0.0,0.0,0.0,0.0,0.0,0.0,0.0,0.0,0.0,0.0,0.0,0.0,0.0,0.0,0.0,0.0,0.0,0.0,0.0,0.0
14,1.3917,1.2926,1.2356,1.1905,1.1896,1.2526,1.3814,1.5166,1.5078,1.4712,1.451,1.4461,1.4673,1.5171,1.6103,1.7109,1.814,1.8879,1.895,1.9891,1.9143,1.8044,1.6651,1.5048
15,0.0,0.0,0.0,0.0,0.0,0.0,0.0,0.0,0.0,0.0,0.0,0.0,0.0,0.0,0.0,0.0,0.0,0.0,0.0,0.0,0.0,0.0,0.0,0.0
16,3.4354,3.0889,2.9125,2.7644,2.7658,2.9729,3.3324,3.6941,3.5884,3.3581,3.1688,3.0895,3.0977,3.2167,3.4751,3.8093,4.2206,4.556,4.704,5.1357,4.9497,4.6497,4.2489,3.7556
17,0.0,0.0,0.0,0.0,0.0,0.0,0.0,0.0,0.0,0.0,0.0,0.0,0.0,0.0,0.0,0.0,0.0,0.0,0.0,0.0,0.0,0.0,0.0,0.0
18,7.0186,6.5786,6.3124,6.1062,6.0994,6.3869,7.0121,7.6779,7.6828,7.5804,7.5602,7.5748,7.7076,7.9611,8.4144,8.8716,9.2997,9.5822,9.542,9.8992,9.5228,8.9856,8.3161,7.5654
19,9.6732,8.94,8.5285,8.1987,8.194,8.6543,9.5677,10.5199,10.4222,10.1069,9.9056,9.8422,9.9703,10.3147,10.9748,11.7116,12.4967,13.0765,13.1832,13.9238,13.4034,12.6272,11.6338,10.4776
20,17.7134,16.2776,15.4915,14.854,14.8487,15.7387,17.4493,19.2183,18.9627,18.2575,17.7614,17.584,17.7783,18.4053,19.6399,21.0676,22.6485,23.8503,24.1647,25.7031,24.7489,23.3013,21.4303,19.2237
21,29.4099,27.6305,26.5375,25.6967,25.6661,26.8381,29.4317,32.2038,32.2776,31.9369,31.9403,32.044,32.6284,33.6933,35.5745,37.4359,39.131,40.2176,39.967,41.3376,39.7613,37.5283,34.7589,31.6751
22,25.187,23.3644,22.3235,21.4958,21.4804,22.6352,24.9783,27.4339,27.2508,26.5488,26.143,26.0349,26.406,27.3062,29.0007,30.8463,32.7575,34.1372,34.3044,36.0633,34.7094,32.7127,30.1744,27.2468
23,19.0869,17.9799,17.2873,16.7589,16.7372,17.4737,19.1375,20.9235,21.0108,20.8553,20.9229,21.0217,21.4216,22.1146,23.3222,24.49,25.5166,26.15,25.9262,26.7222,25.6998,24.2641,22.4934,20.5378
24,8.1864,7.5901,7.2504,6.98,6.9751,7.3524,8.1156,8.9148,8.8521,8.6186,8.4813,8.4436,8.5626,8.855,9.4068,10.01,10.6371,11.0914,11.1508,11.7301,11.29,10.6399,9.8127,8.8574
25,1.4075,1.3415,1.2959,1.2626,1.2604,1.3068,1.4232,1.5506,1.5699,1.5799,1.6062,1.6238,1.66,1.7118,1.7965,1.8694,1.9211,1.9444,1.9079,1.936,1.8609,1.7594,1.6375,1.5083
26,14.4444,13.6423,13.1307,12.7436,12.726,13.2653,14.5098,15.8517,15.9471,15.8785,15.9784,16.0767,16.3949,16.9207,17.8246,18.6783,19.4003,19.826,19.611,20.1435,19.3703,18.2938,16.9737,15.5281
27,17.672,17.7023,17.4317,17.3225,17.2643,17.4125,18.5224,19.8878,20.8384,22.144,23.6505,24.4377,25.2649,25.9481,26.7718,26.9644,26.2915,25.2913,23.7351,22.4053,21.4727,20.4411,19.3901,18.5921
28,32.9948,31.1965,30.0398,29.1678,29.1263,30.3411,33.1701,36.226,36.4719,36.3616,36.6363,36.8832,37.6245,38.8269,40.8823,42.8039,44.401,45.3225,44.7883,45.9383,44.1725,41.7231,38.7265,35.4567
29,15.2288,14.5834,14.1144,13.7784,13.7525,14.2199,15.4503,16.8103,17.076,17.2787,17.658,17.8937,18.3157,18.878,19.7752,20.5066,20.9598,21.1076,20.625,20.7943,19.9817,18.9033,17.6231,16.291
30,9.275,8.6949,8.3435,8.0715,8.0625,8.4418,9.2674,10.1469,10.1545,10.021,9.9961,10.0163,10.1924,10.5275,11.1261,11.7291,12.2928,12.664,12.6092,13.0786,12.5812,11.8717,10.9877,9.997
31,12.8942,12.1407,11.6709,11.3118,11.2974,11.7978,12.9241,14.1322,14.1865,14.0737,14.1116,14.1746,14.4424,14.9103,15.7276,16.5213,17.2235,17.6599,17.516,18.0648,17.374,16.4025,15.2032,13.8767
32,40.6095,40.3321,39.5884,39.2124,39.0912,39.6073,42.2995,45.5318,47.4303,49.9538,52.9409,54.521,56.2716,57.8279,59.8175,60.5524,59.5398,57.7631,54.6308,52.2546,50.107,47.6385,45.0298,42.8629
33,13.0073,12.8406,12.575,12.4265,12.3905,12.5952,13.4893,14.5458,15.0898,15.7911,16.6413,17.0961,17.6231,18.1185,18.7775,19.0785,18.8739,18.4219,17.5182,16.9096,16.2206,15.408,14.529,13.7603
34,53.3961,53.5905,52.809,52.5159,52.3364,52.7322,56.0439,60.1412,63.0984,67.1845,71.8771,74.3234,76.8672,78.9355,81.3956,81.8911,79.6996,76.5229,71.6896,67.4703,64.6538,61.5657,58.4475,56.1348
35,5.3585,4.7936,4.51,4.2702,4.2733,4.6085,5.1792,5.75,5.5651,5.1726,4.844,4.7043,4.7066,4.8911,5.301,5.8427,6.5217,7.0814,7.3433,8.0642,7.7739,7.2991,6.6604,5.8677
36,1.2143,1.1113,1.0559,1.0106,1.0104,1.0736,1.1927,1.3152,1.294,1.2395,1.1993,1.1842,1.1956,1.2384,1.3243,1.4259,1.5412,1.6304,1.6576,1.7719,1.7064,1.6059,1.4752,1.3196
37,27.8995,25.6755,24.4504,23.4598,23.4501,24.833,27.5121,30.2882,29.9164,28.8571,28.1269,27.872,28.1943,29.1834,31.1175,33.3346,35.7671,37.6037,38.0511,40.401,38.8985,36.629,33.703,30.2633
38,1.4977,1.2997,1.2063,1.1248,1.1271,1.2411,1.417,1.5875,1.5027,1.3378,1.191,1.1255,1.1087,1.1587,1.2845,1.4697,1.7213,1.9382,2.0627,2.3429,2.2612,2.1172,1.9163,1.6561
39,26.7667,24.8089,23.6954,22.8083,22.7926,24.0304,26.5289,29.1443,28.9326,28.1579,27.6981,27.5695,27.9549,28.9107,30.7172,32.6962,34.7593,36.2569,36.4612,38.3712,36.9321,34.8043,32.0952,28.964
40,6.3575,5.9346,5.6849,5.4893,5.4841,5.7568,6.3331,6.9428,6.9272,6.8009,6.7492,6.7464,6.8562,7.0848,7.5022,7.9368,8.3622,8.6546,8.6494,9.0207,8.6795,8.186,7.5659,6.8626
41,0.0,0.0,0.0,0.0,0.0,0.0,0.0,0.0,0.0,0.0,0.0,0.0,0.0,0.0,0.0,0.0,0.0,0.0,0.0,0.0,0.0,0.0,0.0,0.0
42,0.0,0.0,0.0,0.0,0.0,0.0,0.0,0.0,0.0,0.0,0.0,0.0,0.0,0.0,0.0,0.0,0.0,0.0,0.0,0.0,0.0,0.0,0.0,0.0
43,9.4615,8.7739,8.3818,8.0699,8.0642,8.4995,9.3808,10.3041,10.2329,9.9652,9.8087,9.7662,9.9044,10.2424,10.8797,11.5755,12.2979,12.8206,12.8872,13.5536,13.045,12.2941,11.339,10.2364
44,8.5839,8.049,7.7245,7.4735,7.4651,7.8151,8.5784,9.3917,9.4004,9.2797,9.2594,9.2794,9.4432,9.7534,10.3068,10.8632,11.3819,11.7224,11.6691,12.0996,11.6394,10.9832,10.1662,9.2512
45,24.3763,23.2083,22.4102,21.8238,21.7873,22.6036,24.6281,26.8418,27.156,27.2952,27.7179,28.0062,28.6235,29.5182,30.9918,32.2762,33.209,33.6482,33.0481,33.5831,32.2807,30.5164,28.3922,26.1306
46,3.4908,3.0902,2.894,2.726,2.7292,2.9641,3.3492,3.7299,3.5826,3.2821,3.0234,2.9108,2.8982,3.0171,3.2933,3.6737,4.1662,4.5799,4.7922,5.3257,5.1361,4.8177,4.3833,3.8356
47,53.0939,49.2582,47.0662,45.3238,45.291,47.7221,52.6586,57.8333,57.4527,55.9817,55.1349,54.9113,55.6964,57.5942,61.1643,65.0495,69.0685,71.9673,72.3116,76.0067,73.1528,68.9457,63.5985,57.4332
48,0.0,0.0,0.0,0.0,0.0,0.0,0.0,0.0,0.0,0.0,0.0,0.0,0.0,0.0,0.0,0.0,0.0,0.0,0.0,0.0,0.0,0.0,0.0,0.0
49,13.4194,12.9284,12.5424,12.2743,12.2487,12.6212,13.6738,14.851,15.1491,15.4345,15.8751,16.134,16.5396,17.0381,17.807,18.3861,18.6659,18.6792,18.1546,18.1516,17.4366,16.5082,15.4235,14.3243
50,9.1683,8.7871,8.5074,8.3077,8.2919,8.5695,9.3073,10.1241,10.2901,10.4222,10.6607,10.8074,11.0647,11.4035,11.9416,12.3758,12.6372,12.7151,12.4152,12.5026,12.0136,11.3664,10.5998,9.8049
51,4.7647,4.2249,3.9595,3.7327,3.7369,4.0539,4.5767,5.0945,4.8992,4.4985,4.155,4.006,3.9918,4.1544,4.5293,5.0427,5.7041,6.2583,6.5391,7.2537,6.995,6.5623,5.9734,5.2325
52,17.6777,16.7578,16.1535,15.702,15.6782,16.3069,17.8048,19.4302,19.5979,19.5988,19.8057,19.9668,20.3829,21.0288,22.1178,23.1106,23.8991,24.3272,23.9851,24.5157,23.5703,22.2703,20.6891,18.9792
53,14.1414,12.7541,12.0418,11.4461,11.4506,12.283,13.747,15.2252,14.8224,13.9283,13.2024,12.9017,12.9525,13.4436,14.4965,15.8393,17.4722,18.7941,19.3533,21.0537,20.2887,19.065,17.4368,15.4439
54,27.2392,25.7198,24.7527,24.0204,23.9873,25.0078,27.3574,29.8898,30.0642,29.9254,30.1047,30.2856,30.8826,31.8739,33.5804,35.196,36.568,37.3809,36.9843,38.0017,36.5435,34.5116,32.0183,29.2856
55,14.9624,13.7968,13.1494,12.6279,12.6217,13.3496,14.7753,16.2567,16.0797,15.5489,15.1945,15.0757,15.2604,15.7919,16.8215,17.9877,19.2504,20.1945,20.3997,21.6067,20.8013,19.5918,18.0378,16.2192
56,13.173,12.4388,11.9713,11.6174,11.6014,12.0946,13.2306,14.4551,14.5399,14.4737,14.5612,14.6491,14.9381,15.4175,16.2426,17.0234,17.6859,18.0782,17.8856,18.3764,17.6712,16.6887,15.4833,14.1624
57,19.0203,17.3845,16.5073,15.7888,15.7866,16.7898,18.6651,20.5903,20.2382,19.3518,18.6903,18.4376,18.6056,19.2752,20.6271,22.2393,24.0817,25.5137,25.9716,27.8079,26.782,25.201,23.1395,20.6798
58,3.9702,3.4771,3.2407,3.0361,3.0411,3.3273,3.7806,4.2239,4.0253,3.632,3.2864,3.1337,3.103,3.2368,3.5613,4.0256,4.6435,5.1704,5.4599,6.1402,5.9241,5.5513,5.0364,4.3774
59,25.3878,23.8914,22.9618,22.2502,22.2223,23.2141,25.4368,27.819,27.9153,27.6756,27.7326,27.8483,28.3699,29.2907,30.9036,32.4771,33.8794,34.758,34.491,35.5967,34.2366,32.3201,29.9515,27.3273
60,0.0,0.0,0.0,0.0,0.0,0.0,0.0,0.0,0.0,0.0,0.0,0.0,0.0,0.0,0.0,0.0,0.0,0.0,0.0,0.0,0.0,0.0,0.0,0.0
61,24.7267,21.8124,20.3955,19.1778,19.2033,20.906,23.6651,26.3831,25.2762,23.0418,21.1041,20.2564,20.1337,20.9732,22.9504,25.7096,29.3164,32.3623,33.9644,37.8943,36.5502,34.2727,31.1535,27.2
62,0.0,0.0,0.0,0.0,0.0,0.0,0.0,0.0,0.0,0.0,0.0,0.0,0.0,0.0,0.0,0.0,0.0,0.0,0.0,0.0,0.0,0.0,0.0,0.0
63,14.0177,12.8274,12.1863,11.6623,11.6601,12.3918,13.7675,15.1823,14.9354,14.303,13.8364,13.6603,13.7907,14.2848,15.2769,16.4522,17.7865,18.8189,19.1368,20.4602,19.7044,18.5435,17.0327,15.2346
64,12.5318,11.6677,11.1647,10.7683,10.7591,11.3121,12.4605,13.6706,13.6147,13.324,13.1805,13.1549,13.358,13.8076,14.6388,15.5211,16.4064,17.0287,17.0573,17.8489,17.1758,16.1944,14.9552,13.5395
65,10.7869,9.8308,9.3233,8.9056,8.9054,9.4887,10.5638,11.6635,11.4404,10.8985,10.4845,10.3224,10.4054,10.784,11.5586,12.4969,13.5855,14.4404,14.7365,15.8336,15.2514,14.3468,13.1618,11.7395
66,18.1792,17.1732,16.5306,16.0447,16.0223,16.6993,18.2642,19.9521,20.0751,19.9935,20.124,20.25,20.6519,21.3138,22.4504,23.522,24.4253,24.9559,24.681,25.3443,24.3712,23.0174,21.3579,19.5418
67,4.1526,3.6966,3.4704,3.278,3.2811,3.5501,3.9998,4.4471,4.2888,3.9595,3.6798,3.5595,3.5534,3.6957,4.0184,4.4537,5.0079,5.4692,5.6955,6.29,6.0647,5.6916,5.1864,4.5546
68,3.3198,3.006,2.843,2.7074,2.708,2.8974,3.2363,3.58,3.4953,3.3017,3.1476,3.0848,3.1019,3.2176,3.4615,3.7667,4.1318,4.4242,4.5403,4.9162,4.7368,4.4528,4.0772,3.6208
69,8.3381,7.4188,6.9632,6.5755,6.5818,7.1239,8.0284,8.9276,8.6066,7.9403,7.3736,7.1296,7.1157,7.4013,8.0503,8.9273,10.046,10.9778,11.4369,12.6379,12.1855,11.4354,10.419,9.1467
70,30.4476,30.3625,29.8481,29.6104,29.5151,29.8399,31.8083,34.1982,35.7229,37.7837,40.1914,41.4571,42.8229,43.9945,45.452,45.8996,44.9513,43.4346,40.929,38.9068,37.2982,35.4821,33.5947,32.0879
71,36.4067,34.561,33.3333,32.4211,32.3702,33.6406,36.7056,40.0396,40.4252,40.4939,40.9865,41.3503,42.2283,43.5606,45.7897,47.7934,49.3425,50.1509,49.3843,50.3819,48.4353,45.7718,42.5425,39.0676
72,8.4887,7.6978,7.285,6.9424,6.9436,7.4221,8.2838,9.1597,8.9524,8.4732,8.0947,7.9419,7.9905,8.2869,8.9072,9.678,10.5939,11.3244,11.6066,12.5453,12.0867,11.3639,10.4099,9.2538
73,0.0,0.0,0.0,0.0,0.0,0.0,0.0,0.0,0.0,0.0,0.0,0.0,0.0,0.0,0.0,0.0,0.0,0.0,0.0,0.0,0.0,0.0,0.0,0.0
74,15.8525,14.9569,14.3901,13.9598,13.941,14.5406,15.9127,17.3895,17.4817,17.3854,17.4742,17.5721,17.9146,18.4911,19.4874,20.4371,21.253,21.7431,21.5267,22.141,21.2922,20.1065,18.6492,17.0479
75,0.0,0.0,0.0,0.0,0.0,0.0,0.0,0.0,0.0,0.0,0.0,0.0,0.0,0.0,0.0,0.0,0.0,0.0,0.0,0.0,0.0,0.0,0.0,0.0
76,17.9974,17.1119,16.5145,16.0732,16.0471,16.6615,18.1656,19.8064,20.0193,20.0902,20.3706,20.5682,21.0139,21.6736,22.768,23.7358,24.4602,24.8193,24.4059,24.8462,23.8843,22.5752,20.9939,19.3019
77,21.2044,19.279,18.2653,17.4277,17.4288,18.5988,20.7309,22.905,22.4286,21.3005,20.4238,20.0751,20.2182,20.9607,22.4963,24.3793,26.5898,28.3393,28.9799,31.2264,30.0814,28.2902,25.9352,23.0953
78,7.7696,7.3223,7.0416,6.8276,6.8187,7.1168,7.7927,8.5188,8.5571,8.4984,8.5305,8.5729,8.7371,9.0193,9.51,9.9826,10.3953,10.6481,10.5528,10.8703,10.4542,9.8707,9.1517,8.3589
79,28.9073,26.52,25.2215,24.1652,24.1582,25.633,28.4427,31.3418,30.8881,29.6765,28.8063,28.4875,28.7855,29.8071,31.8342,34.2013,36.8494,38.8772,39.4468,42.0442,40.4864,38.1115,35.0335,31.3899
80,29.0183,26.4387,25.0709,23.9446,23.9442,25.5173,28.4125,31.3727,30.7663,29.2986,28.1745,27.7337,27.9536,28.9719,31.0579,33.5883,36.5282,38.8391,39.645,42.611,41.0448,38.6091,35.4171,31.5838
81,0.0,0.0,0.0,0.0,0.0,0.0,0.0,0.0,0.0,0.0,0.0,0.0,0.0,0.0,0.0,0.0,0.0,0.0,0.0,0.0,0.0,0.0,0.0,0.0
82,11.2297,10.1004,9.5251,9.0421,9.0466,9.7217,10.8955,12.0769,11.7342,10.9863,10.372,10.1151,10.1434,10.5323,11.3761,12.4657,13.8049,14.8962,15.3756,16.7799,16.1721,15.1926,13.8843,12.2751
83,16.8305,15.6585,14.979,14.4425,14.4305,15.179,16.7259,18.3543,18.2698,17.8637,17.6552,17.6132,17.8811,18.4844,19.6039,20.7986,22.0051,22.8582,22.9113,23.9968,23.0927,21.7714,20.1008,18.1885
84,2.5664,2.4544,2.3742,2.3163,2.3121,2.3925,2.6012,2.8313,2.8734,2.903,2.9624,2.9999,3.0696,3.1643,3.3164,3.4424,3.5239,3.5538,3.4767,3.5117,3.3747,3.192,2.9744,2.7468
85,16.3883,15.7771,15.3016,14.97,14.9392,15.4,16.6901,18.1309,18.4855,18.818,19.3403,19.6488,20.1391,20.7474,21.6896,22.4067,22.7662,22.7999,22.1741,22.1931,21.3198,20.1828,18.8516,17.498
86,20.7058,19.1058,18.2144,17.4974,17.4884,18.4891,20.4568,22.5033,22.269,21.5523,21.0796,20.9237,21.1848,21.9209,23.3422,24.9451,26.6725,27.9596,28.227,29.8719,28.7576,27.0875,24.9441,22.4398
87,1.2717,1.1679,1.1112,1.0652,1.0648,1.1291,1.2522,1.3794,1.3605,1.3089,1.2723,1.2591,1.2727,1.3177,1.4065,1.5096,1.6242,1.7116,1.735,1.8469,1.7783,1.6742,1.5395,1.3804
88,2.5144,2.2898,2.1709,2.0729,2.0729,2.2098,2.4611,2.7179,2.6644,2.5357,2.4368,2.3979,2.4164,2.5046,2.6857,2.9059,3.1623,3.3643,3.4355,3.6947,3.559,3.3476,3.0704,2.7372
89,18.4232,17.9997,17.5578,17.2801,17.2359,17.6205,18.9632,20.5109,21.1269,21.8629,22.8108,23.3315,23.9968,24.6911,25.6768,26.2608,26.2592,25.9007,24.8601,24.365,23.3867,22.1829,20.8335,19.5649
90,12.263,10.8534,10.1632,9.5722,9.5836,10.4099,11.7637,13.102,12.5824,11.5233,10.6112,10.2143,10.1689,10.5866,11.5573,12.8956,14.6295,16.0863,16.8353,18.7143,18.0482,16.9288,15.4018,13.4753
91,34.5968,32.4327,31.1221,30.1075,30.074,31.4886,34.5685,37.8488,37.8772,37.3792,37.2862,37.3615,38.0183,39.2681,41.5009,43.7503,45.8532,47.2381,47.0338,48.7849,46.9297,44.2829,40.9856,37.2899
92,17.2244,16.9064,16.5205,16.2889,16.2447,16.565,17.7886,19.2143,19.8544,20.6494,21.6421,22.1802,22.8359,23.4881,24.3879,24.8684,24.7472,24.295,23.2227,22.6074,21.6938,20.5903,19.372,18.2606
93,1.4872,1.2959,1.2051,1.1262,1.1283,1.2387,1.4112,1.579,1.4993,1.343,1.2047,1.1432,1.1289,1.1788,1.3021,1.4815,1.7229,1.9301,2.0468,2.3144,2.2333,2.0918,1.8954,1.6423
94,0.0,0.0,0.0,0.0,0.0,0.0,0.0,0.0,0.0,0.0,0.0,0.0,0.0,0.0,0.0,0.0,0.0,0.0,0.0,0.0,0.0,0.0,0.0,0.0
95,1.8188,1.6612,1.577,1.5078,1.5077,1.6042,1.784,1.9684,1.9338,1.8474,1.7825,1.7576,1.7732,1.8372,1.9668,2.1219,2.2999,2.4386,2.4839,2.6618,2.5636,2.4121,2.2143,1.978
96,4.9082,4.9128,4.8363,4.8045,4.7885,4.8316,5.1415,5.5217,5.7826,6.1399,6.553,6.7691,6.9972,7.1868,7.4166,7.4734,7.2924,7.0204,6.5932,6.2314,5.9723,5.6847,5.3907,5.1653
97,5.3106,5.0224,4.8367,4.6969,4.6901,4.885,5.3398,5.8313,5.8719,5.856,5.902,5.9426,6.0625,6.2561,6.5865,6.8947,7.1497,7.2961,7.2084,7.3909,7.1068,6.7129,6.2313,5.7063
98,0.0,0.0,0.0,0.0,0.0,0.0,0.0,0.0,0.0,0.0,0.0,0.0,0.0,0.0,0.0,0.0,0.0,0.0,0.0,0.0,0.0,0.0,0.0,0.0
99,0.6694,0.5777,0.5349,0.4973,0.4985,0.551,0.6309,0.708,0.6675,0.5895,0.5195,0.4882,0.4793,0.5016,0.5586,0.6441,0.7614,0.863,0.9227,1.0541,1.0175,0.9523,0.8607,0.7415
100,0.0,0.0,0.0,0.0,0.0,0.0,0.0,0.0,0.0,0.0,0.0,0.0,0.0,0.0,0.0,0.0,0.0,0.0,0.0,0.0,0.0,0.0,0.0,0.0
101,0.0,0.0,0.0,0.0,0.0,0.0,0.0,0.0,0.0,0.0,0.0,0.0,0.0,0.0,0.0,0.0,0.0,0.0,0.0,0.0,0.0,0.0,0.0,0.0
102,0.0,0.0,0.0,0.0,0.0,0.0,0.0,0.0,0.0,0.0,0.0,0.0,0.0,0.0,0.0,0.0,0.0,0.0,0.0,0.0,0.0,0.0,0.0,0.0
103,0.0,0.0,0.0,0.0,0.0,0.0,0.0,0.0,0.0,0.0,0.0,0.0,0.0,0.0,0.0,0.0,0.0,0.0,0.0,0.0,0.0,0.0,0.0,0.0
104,12.2035,11.8137,11.4827,11.2593,11.234,11.544,12.478,13.533,13.851,14.1885,14.6669,14.9398,15.3332,15.7888,16.4722,16.951,17.118,17.0448,16.4952,16.3811,15.7317,14.9034,13.9487,13.0036
105,1.021,0.8812,0.8158,0.7586,0.7603,0.8405,0.9623,1.0799,1.0181,0.8991,0.7925,0.7446,0.7311,0.765,0.8521,0.9824,1.1613,1.3164,1.4074,1.6078,1.5521,1.4525,1.3129,1.1309
106,20.5878,19.4562,18.7311,18.1836,18.158,18.9208,20.6899,22.5993,22.7449,22.6631,22.8215,22.9693,23.4278,24.1777,25.4628,26.6698,27.681,28.2702,27.9489,28.6851,27.5832,26.0522,24.1771,22.1277
107,0.0,0.0,0.0,0.0,0.0,0.0,0.0,0.0,0.0,0.0,0.0,0.0,0.0,0.0,0.0,0.0,0.0,0.0,0.0,0.0,0.0,0.0,0.0,0.0
108,0.8363,0.7499,0.7063,0.6695,0.67,0.7214,0.8097,0.8983,0.8709,0.8122,0.7634,0.7428,0.7439,0.7728,0.8363,0.9193,1.0224,1.107,1.1456,1.2545,1.2092,1.1356,1.037,0.915
109,4.1577,3.5884,3.3223,3.089,3.0961,3.4225,3.9188,4.3975,4.146,3.6614,3.2271,3.0323,2.9773,3.1153,3.4699,4.0006,4.7291,5.3605,5.7312,6.5473,6.3203,5.915,5.3463,4.6054
110,0.0,0.0,0.0,0.0,0.0,0.0,0.0,0.0,0.0,0.0,0.0,0.0,0.0,0.0,0.0,0.0,0.0,0.0,0.0,0.0,0.0,0.0,0.0,0.0
111,11.5144,10.4996,9.9599,9.5161,9.5156,10.1354,11.2807,12.4529,12.2195,11.6491,11.215,11.0458,11.1369,11.5412,12.3665,13.3632,14.5164,15.4202,15.7289,16.8887,16.2673,15.3033,14.0416,12.5289
112,11.4637,10.6565,10.1905,9.8219,9.814,10.3284,11.3857,12.4972,12.4323,12.1435,11.9893,11.9549,12.1335,12.5441,13.309,14.1303,14.9658,15.5602,15.6077,16.3645,15.7486,14.8461,13.7033,12.3922
113,42.9943,42.2465,41.2996,40.7379,40.6261,41.4022,44.4377,47.9838,49.6195,51.6674,54.2085,55.582,57.2387,58.8685,61.1016,62.2621,61.8887,60.6906,57.9549,56.3286,54.0488,51.3072,48.2922,45.5622
114,0.0,0.0,0.0,0.0,0.0,0.0,0.0,0.0,0.0,0.0,0.0,0.0,0.0,0.0,0.0,0.0,0.0,0.0,0.0,0.0,0.0,0.0,0.0,0.0
115,0.0,0.0,0.0,0.0,0.0,0.0,0.0,0.0,0.0,0.0,0.0,0.0,0.0,0.0,0.0,0.0,0.0,0.0,0.0,0.0,0.0,0.0,0.0,0.0
116,0.0,0.0,0.0,0.0,0.0,0.0,0.0,0.0,0.0,0.0,0.0,0.0,0.0,0.0,0.0,0.0,0.0,0.0,0.0,0.0,0.0,0.0,0.0,0.0
117,0.0,0.0,0.0,0.0,0.0,0.0,0.0,0.0,0.0,0.0,0.0,0.0,0.0,0.0,0.0,0.0,0.0,0.0,0.0,0.0,0.0,0.0,0.0,0.0
118,0.0,0.0,0.0,0.0,0.0,0.0,0.0,0.0,0.0,0.0,0.0,0.0,0.0,0.0,0.0,0.0,0.0,0.0,0.0,0.0,0.0,0.0,0.0,0.0
119,0.0,0.0,0.0,0.0,0.0,0.0,0.0,0.0,0.0,0.0,0.0,0.0,0.0,0.0,0.0,0.0,0.0,0.0,0.0,0.0,0.0,0.0,0.0,0.0
120,0.0,0.0,0.0,0.0,0.0,0.0,0.0,0.0,0.0,0.0,0.0,0.0,0.0,0.0,0.0,0.0,0.0,0.0,0.0,0.0,0.0,0.0,0.0,0.0
121,0.0,0.0,0.0,0.0,0.0,0.0,0.0,0.0,0.0,0.0,0.0,0.0,0.0,0.0,0.0,0.0,0.0,0.0,0.0,0.0,0.0,0.0,0.0,0.0
122,0.0,0.0,0.0,0.0,0.0,0.0,0.0,0.0,0.0,0.0,0.0,0.0,0.0,0.0,0.0,0.0,0.0,0.0,0.0,0.0,0.0,0.0,0.0,0.0
123,0.0,0.0,0.0,0.0,0.0,0.0,0.0,0.0,0.0,0.0,0.0,0.0,0.0,0.0,0.0,0.0,0.0,0.0,0.0,0.0,0.0,0.0,0.0,0.0
124,0.0,0.0,0.0,0.0,0.0,0.0,0.0,0.0,0.0,0.0,0.0,0.0,0.0,0.0,0.0,0.0,0.0,0.0,0.0,0.0,0.0,0.0,0.0,0.0
125,0.0,0.0,0.0,0.0,0.0,0.0,0.0,0.0,0.0,0.0,0.0,0.0,0.0,0.0,0.0,0.0,0.0,0.0,0.0,0.0,0.0,0.0,0.0,0.0
126,0.0,0.0,0.0,0.0,0.0,0.0,0.0,0.0,0.0,0.0,0.0,0.0,0.0,0.0,0.0,0.0,0.0,0.0,0.0,0.0,0.0,0.0,0.0,0.0
127,0.0,0.0,0.0,0.0,0.0,0.0,0.0,0.0,0.0,0.0,0.0,0.0,0.0,0.0,0.0,0.0,0.0,0.0,0.0,0.0,0.0,0.0,0.0,0.0
128,0.0,0.0,0.0,0.0,0.0,0.0,0.0,0.0,0.0,0.0,0.0,0.0,0.0,0.0,0.0,0.0,0.0,0.0,0.0,0.0,0.0,0.0,0.0,0.0
129,0.0,0.0,0.0,0.0,0.0,0.0,0.0,0.0,0.0,0.0,0.0,0.0,0.0,0.0,0.0,0.0,0.0,0.0,0.0,0.0,0.0,0.0,0.0,0.0
130,0.0,0.0,0.0,0.0,0.0,0.0,0.0,0.0,0.0,0.0,0.0,0.0,0.0,0.0,0.0,0.0,0.0,0.0,0.0,0.0,0.0,0.0,0.0,0.0
131,0.0,0.0,0.0,0.0,0.0,0.0,0.0,0.0,0.0,0.0,0.0,0.0,0.0,0.0,0.0,0.0,0.0,0.0,0.0,0.0,0.0,0.0,0.0,0.0
132,0.0,0.0,0.0,0.0,0.0,0.0,0.0,0.0,0.0,0.0,0.0,0.0,0.0,0.0,0.0,0.0,0.0,0.0,0.0,0.0,0.0,0.0,0.0,0.0
133,0.0,0.0,0.0,0.0,0.0,0.0,0.0,0.0,0.0,0.0,0.0,0.0,0.0,0.0,0.0,0.0,0.0,0.0,0.0,0.0,0.0,0.0,0.0,0.0
134,0.0,0.0,0.0,0.0,0.0,0.0,0.0,0.0,0.0,0.0,0.0,0.0,0.0,0.0,0.0,0.0,0.0,0.0,0.0,0.0,0.0,0.0,0.0,0.0
135,0.0,0.0,0.0,0.0,0.0,0.0,0.0,0.0,0.0,0.0,0.0,0.0,0.0,0.0,0.0,0.0,0.0,0.0,0.0,0.0,0.0,0.0,0.0,0.0
136,0.0,0.0,0.0,0.0,0.0,0.0,0.0,0.0,0.0,0.0,0.0,0.0,0.0,0.0,0.0,0.0,0.0,0.0,0.0,0.0,0.0,0.0,0.0,0.0
137,0.0,0.0,0.0,0.0,0.0,0.0,0.0,0.0,0.0,0.0,0.0,0.0,0.0,0.0,0.0,0.0,0.0,0.0,0.0,0.0,0.0,0.0,0.0,0.0
138,0.0,0.0,0.0,0.0,0.0,0.0,0.0,0.0,0.0,0.0,0.0,0.0,0.0,0.0,0.0,0.0,0.0,0.0,0.0,0.0,0.0,0.0,0.0,0.0
139,0.0,0.0,0.0,0.0,0.0,0.0,0.0,0.0,0.0,0.0,0.0,0.0,0.0,0.0,0.0,0.0,0.0,0.0,0.0,0.0,0.0,0.0,0.0,0.0
140,0.0,0.0,0.0,0.0,0.0,0.0,0.0,0.0,0.0,0.0,0.0,0.0,0.0,0.0,0.0,0.0,0.0,0.0,0.0,0.0,0.0,0.0,0.0,0.0
141,0.0,0.0,0.0,0.0,0.0,0.0,0.0,0.0,0.0,0.0,0.0,0.0,0.0,0.0,0.0,0.0,0.0,0.0,0.0,0.0,0.0,0.0,0.0,0.0
142,0.0,0.0,0.0,0.0,0.0,0.0,0.0,0.0,0.0,0.0,0.0,0.0,0.0,0.0,0.0,0.0,0.0,0.0,0.0,0.0,0.0,0.0,0.0,0.0
143,0.0,0.0,0.0,0.0,0.0,0.0,0.0,0.0,0.0,0.0,0.0,0.0,0.0,0.0,0.0,0.0,0.0,0.0,0.0,0.0,0.0,0.0,0.0,0.0
144,0.0,0.0,0.0,0.0,0.0,0.0,0.0,0.0,0.0,0.0,0.0,0.0,0.0,0.0,0.0,0.0,0.0,0.0,0.0,0.0,0.0,0.0,0.0,0.0
145,5.9986,5.7218,5.5291,5.3886,5.3792,5.5748,6.0686,6.6105,6.6965,6.7453,6.8638,6.9417,7.0982,7.3187,7.6784,7.9856,8.1989,8.2911,8.13,8.241,7.9206,7.4894,6.9725,6.4261
146,0.0,0.0,0.0,0.0,0.0,0.0,0.0,0.0,0.0,0.0,0.0,0.0,0.0,0.0,0.0,0.0,0.0,0.0,0.0,0.0,0.0,0.0,0.0,0.0
147,0.0,0.0,0.0,0.0,0.0,0.0,0.0,0.0,0.0,0.0,0.0,0.0,0.0,0.0,0.0,0.0,0.0,0.0,0.0,0.0,0.0,0.0,0.0,0.0
148,0.0,0.0,0.0,0.0,0.0,0.0,0.0,0.0,0.0,0.0,0.0,0.0,0.0,0.0,0.0,0.0,0.0,0.0,0.0,0.0,0.0,0.0,0.0,0.0
149,0.0,0.0,0.0,0.0,0.0,0.0,0.0,0.0,0.0,0.0,0.0,0.0,0.0,0.0,0.0,0.0,0.0,0.0,0.0,0.0,0.0,0.0,0.0,0.0
150,0.0,0.0,0.0,0.0,0.0,0.0,0.0,0.0,0.0,0.0,0.0,0.0,0.0,0.0,0.0,0.0,0.0,0.0,0.0,0.0,0.0,0.0,0.0,0.0
151,0.0,0.0,0.0,0.0,0.0,0.0,0.0,0.0,0.0,0.0,0.0,0.0,0.0,0.0,0.0,0.0,0.0,0.0,0.0,0.0,0.0,0.0,0.0,0.0
152,0.0,0.0,0.0,0.0,0.0,0.0,0.0,0.0,0.0,0.0,0.0,0.0,0.0,0.0,0.0,0.0,0.0,0.0,0.0,0.0,0.0,0.0,0.0,0.0
153,0.0,0.0,0.0,0.0,0.0,0.0,0.0,0.0,0.0,0.0,0.0,0.0,0.0,0.0,0.0,0.0,0.0,0.0,0.0,0.0,0.0,0.0,0.0,0.0
154,0.0,0.0,0.0,0.0,0.0,0.0,0.0,0.0,0.0,0.0,0.0,0.0,0.0,0.0,0.0,0.0,0.0,0.0,0.0,0.0,0.0,0.0,0.0,0.0
155,0.0,0.0,0.0,0.0,0.0,0.0,0.0,0.0,0.0,0.0,0.0,0.0,0.0,0.0,0.0,0.0,0.0,0.0,0.0,0.0,0.0,0.0,0.0,0.0
156,0.0,0.0,0.0,0.0,0.0,0.0,0.0,0.0,0.0,0.0,0.0,0.0,0.0,0.0,0.0,0.0,0.0,0.0,0.0,0.0,0.0,0.0,0.0,0.0
157,0.0,0.0,0.0,0.0,0.0,0.0,0.0,0.0,0.0,0.0,0.0,0.0,0.0,0.0,0.0,0.0,0.0,0.0,0.0,0.0,0.0,0.0,0.0,0.0
158,0.0,0.0,0.0,0.0,0.0,0.0,0.0,0.0,0.0,0.0,0.0,0.0,0.0,0.0,0.0,0.0,0.0,0.0,0.0,0.0,0.0,0.0,0.0,0.0
159,0.0,0.0,0.0,0.0,0.0,0.0,0.0,0.0,0.0,0.0,0.0,0.0,0.0,0.0,0.0,0.0,0.0,0.0,0.0,0.0,0.0,0.0,0.0,0.0
160,0.0,0.0,0.0,0.0,0.0,0.0,0.0,0.0,0.0,0.0,0.0,0.0,0.0,0.0,0.0,0.0,0.0,0.0,0.0,0.0,0.0,0.0,0.0,0.0
161,0.0,0.0,0.0,0.0,0.0,0.0,0.0,0.0,0.0,0.0,0.0,0.0,0.0,0.0,0.0,0.0,0.0,0.0,0.0,0.0,0.0,0.0,0.0,0.0
162,0.0,0.0,0.0,0.0,0.0,0.0,0.0,0.0,0.0,0.0,0.0,0.0,0.0,0.0,0.0,0.0,0.0,0.0,0.0,0.0,0.0,0.0,0.0,0.0
163,0.0,0.0,0.0,0.0,0.0,0.0,0.0,0.0,0.0,0.0,0.0,0.0,0.0,0.0,0.0,0.0,0.0,0.0,0.0,0.0,0.0,0.0,0.0,0.0
164,13.1699,12.2091,11.6621,11.2266,11.2188,11.8265,13.0548,14.3409,14.2389,13.8612,13.6384,13.5768,13.7675,14.2379,15.1261,16.0976,17.1088,17.8419,17.9391,18.8739,18.1659,17.1197,15.7882,14.2499
165,0.0,0.0,0.0,0.0,0.0,0.0,0.0,0.0,0.0,0.0,0.0,0.0,0.0,0.0,0.0,0.0,0.0,0.0,0.0,0.0,0.0,0.0,0.0,0.0
166,0.0,0.0,0.0,0.0,0.0,0.0,0.0,0.0,0.0,0.0,0.0,0.0,0.0,0.0,0.0,0.0,0.0,0.0,0.0,0.0,0.0,0.0,0.0,0.0
167,0.0,0.0,0.0,0.0,0.0,0.0,0.0,0.0,0.0,0.0,0.0,0.0,0.0,0.0,0.0,0.0,0.0,0.0,0.0,0.0,0.0,0.0,0.0,0.0
168,0.0,0.0,0.0,0.0,0.0,0.0,0.0,0.0,0.0,0.0,0.0,0.0,0.0,0.0,0.0,0.0,0.0,0.0,0.0,0.0,0.0,0.0,0.0,0.0
169,0.0,0.0,0.0,0.0,0.0,0.0,0.0,0.0,0.0,0.0,0.0,0.0,0.0,0.0,0.0,0.0,0.0,0.0,0.0,0.0,0.0,0.0,0.0,0.0
170,0.0,0.0,0.0,0.0,0.0,0.0,0.0,0.0,0.0,0.0,0.0,0.0,0.0,0.0,0.0,0.0,0.0,0.0,0.0,0.0,0.0,0.0,0.0,0.0
171,0.0,0.0,0.0,0.0,0.0,0.0,0.0,0.0,0.0,0.0,0.0,0.0,0.0,0.0,0.0,0.0,0.0,0.0,0.0,0.0,0.0,0.0,0.0,0.0
172,0.0,0.0,0.0,0.0,0.0,0.0,0.0,0.0,0.0,0.0,0.0,0.0,0.0,0.0,0.0,0.0,0.0,0.0,0.0,0.0,0.0,0.0,0.0,0.0
173,0.0,0.0,0.0,0.0,0.0,0.0,0.0,0.0,0.0,0.0,0.0,0.0,0.0,0.0,0.0,0.0,0.0,0.0,0.0,0.0,0.0,0.0,0.0,0.0
174,0.0,0.0,0.0,0.0,0.0,0.0,0.0,0.0,0.0,0.0,0.0,0.0,0.0,0.0,0.0,0.0,0.0,0.0,0.0,0.0,0.0,0.0,0.0,0.0
175,0.0,0.0,0.0,0.0,0.0,0.0,0.0,0.0,0.0,0.0,0.0,0.0,0.0,0.0,0.0,0.0,0.0,0.0,0.0,0.0,0.0,0.0,0.0,0.0
176,0.0,0.0,0.0,0.0,0.0,0.0,0.0,0.0,0.0,0.0,0.0,0.0,0.0,0.0,0.0,0.0,0.0,0.0,0.0,0.0,0.0,0.0,0.0,0.0
177,0.0,0.0,0.0,0.0,0.0,0.0,0.0,0.0,0.0,0.0,0.0,0.0,0.0,0.0,0.0,0.0,0.0,0.0,0.0,0.0,0.0,0.0,0.0,0.0
178,0.0,0.0,0.0,0.0,0.0,0.0,0.0,0.0,0.0,0.0,0.0,0.0,0.0,0.0,0.0,0.0,0.0,0.0,0.0,0.0,0.0,0.0,0.0,0.0
179,0.0,0.0,0.0,0.0,0.0,0.0,0.0,0.0,0.0,0.0,0.0,0.0,0.0,0.0,0.0,0.0,0.0,0.0,0.0,0.0,0.0,0.0,0.0,0.0
180,0.0,0.0,0.0,0.0,0.0,0.0,0.0,0.0,0.0,0.0,0.0,0.0,0.0,0.0,0.0,0.0,0.0,0.0,0.0,0.0,0.0,0.0,0.0,0.0
181,0.0,0.0,0.0,0.0,0.0,0.0,0.0,0.0,0.0,0.0,0.0,0.0,0.0,0.0,0.0,0.0,0.0,0.0,0.0,0.0,0.0,0.0,0.0,0.0
182,0.0,0.0,0.0,0.0,0.0,0.0,0.0,0.0,0.0,0.0,0.0,0.0,0.0,0.0,0.0,0.0,0.0,0.0,0.0,0.0,0.0,0.0,0.0,0.0
183,0.0,0.0,0.0,0.0,0.0,0.0,0.0,0.0,0.0,0.0,0.0,0.0,0.0,0.0,0.0,0.0,0.0,0.0,0.0,0.0,0.0,0.0,0.0,0.0
184,0.0,0.0,0.0,0.0,0.0,0.0,0.0,0.0,0.0,0.0,0.0,0.0,0.0,0.0,0.0,0.0,0.0,0.0,0.0,0.0,0.0,0.0,0.0,0.0
185,0.0,0.0,0.0,0.0,0.0,0.0,0.0,0.0,0.0,0.0,0.0,0.0,0.0,0.0,0.0,0.0,0.0,0.0,0.0,0.0,0.0,0.0,0.0,0.0
186,0.0,0.0,0.0,0.0,0.0,0.0,0.0,0.0,0.0,0.0,0.0,0.0,0.0,0.0,0.0,0.0,0.0,0.0,0.0,0.0,0.0,0.0,0.0,0.0
187,0.0,0.0,0.0,0.0,0.0,0.0,0.0,0.0,0.0,0.0,0.0,0.0,0.0,0.0,0.0,0.0,0.0,0.0,0.0,0.0,0.0,0.0,0.0,0.0
188,0.0,0.0,0.0,0.0,0.0,0.0,0.0,0.0,0.0,0.0,0.0,0.0,0.0,0.0,0.0,0.0,0.0,0.0,0.0,0.0,0.0,0.0,0.0,0.0
189,0.0,0.0,0.0,0.0,0.0,0.0,0.0,0.0,0.0,0.0,0.0,0.0,0.0,0.0,0.0,0.0,0.0,0.0,0.0,0.0,0.0,0.0,0.0,0.0
190,0.0,0.0,0.0,0.0,0.0,0.0,0.0,0.0,0.0,0.0,0.0,0.0,0.0,0.0,0.0,0.0,0.0,0.0,0.0,0.0,0.0,0.0,0.0,0.0
191,0.0,0.0,0.0,0.0,0.0,0.0,0.0,0.0,0.0,0.0,0.0,0.0,0.0,0.0,0.0,0.0,0.0,0.0,0.0,0.0,0.0,0.0,0.0,0.0
192,0.0,0.0,0.0,0.0,0.0,0.0,0.0,0.0,0.0,0.0,0.0,0.0,0.0,0.0,0.0,0.0,0.0,0.0,0.0,0.0,0.0,0.0,0.0,0.0
193,0.0,0.0,0.0,0.0,0.0,0.0,0.0,0.0,0.0,0.0,0.0,0.0,0.0,0.0,0.0,0.0,0.0,0.0,0.0,0.0,0.0,0.0,0.0,0.0
194,0.0,0.0,0.0,0.0,0.0,0.0,0.0,0.0,0.0,0.0,0.0,0.0,0.0,0.0,0.0,0.0,0.0,0.0,0.0,0.0,0.0,0.0,0.0,0.0
195,0.0,0.0,0.0,0.0,0.0,0.0,0.0,0.0,0.0,0.0,0.0,0.0,0.0,0.0,0.0,0.0,0.0,0.0,0.0,0.0,0.0,0.0,0.0,0.0
196,0.0,0.0,0.0,0.0,0.0,0.0,0.0,0.0,0.0,0.0,0.0,0.0,0.0,0.0,0.0,0.0,0.0,0.0,0.0,0.0,0.0,0.0,0.0,0.0
197,0.0,0.0,0.0,0.0,0.0,0.0,0.0,0.0,0.0,0.0,0.0,0.0,0.0,0.0,0.0,0.0,0.0,0.0,0.0,0.0,0.0,0.0,0.0,0.0
198,0.0,0.0,0.0,0.0,0.0,0.0,0.0,0.0,0.0,0.0,0.0,0.0,0.0,0.0,0.0,0.0,0.0,0.0,0.0,0.0,0.0,0.0,0.0,0.0
199,0.0,0.0,0.0,0.0,0.0,0.0,0.0,0.0,0.0,0.0,0.0,0.0,0.0,0.0,0.0,0.0,0.0,0.0,0.0,0.0,0.0,0.0,0.0,0.0
200,0.0,0.0,0.0,0.0,0.0,0.0,0.0,0.0,0.0,0.0,0.0,0.0,0.0,0.0,0.0,0.0,0.0,0.0,0.0,0.0,0.0,0.0,0.0,0.0
201,0.0,0.0,0.0,0.0,0.0,0.0,0.0,0.0,0.0,0.0,0.0,0.0,0.0,0.0,0.0,0.0,0.0,0.0,0.0,0.0,0.0,0.0,0.0,0.0
202,0.0,0.0,0.0,0.0,0.0,0.0,0.0,0.0,0.0,0.0,0.0,0.0,0.0,0.0,0.0,0.0,0.0,0.0,0.0,0.0,0.0,0.0,0.0,0.0
203,0.0,0.0,0.0,0.0,0.0,0.0,0.0,0.0,0.0,0.0,0.0,0.0,0.0,0.0,0.0,0.0,0.0,0.0,0.0,0.0,0.0,0.0,0.0,0.0
204,0.0,0.0,0.0,0.0,0.0,0.0,0.0,0.0,0.0,0.0,0.0,0.0,0.0,0.0,0.0,0.0,0.0,0.0,0.0,0.0,0.0,0.0,0.0,0.0
205,0.0,0.0,0.0,0.0,0.0,0.0,0.0,0.0,0.0,0.0,0.0,0.0,0.0,0.0,0.0,0.0,0.0,0.0,0.0,0.0,0.0,0.0,0.0,0.0
206,0.0,0.0,0.0,0.0,0.0,0.0,0.0,0.0,0.0,0.0,0.0,0.0,0.0,0.0,0.0,0.0,0.0,0.0,0.0,0.0,0.0,0.0,0.0,0.0
207,0.0,0.0,0.0,0.0,0.0,0.0,0.0,0.0,0.0,0.0,0.0,0.0,0.0,0.0,0.0,0.0,0.0,0.0,0.0,0.0,0.0,0.0,0.0,0.0
208,0.0,0.0,0.0,0.0,0.0,0.0,0.0,0.0,0.0,0.0,0.0,0.0,0.0,0.0,0.0,0.0,0.0,0.0,0.0,0.0,0.0,0.0,0.0,0.0
209,0.0,0.0,0.0,0.0,0.0,0.0,0.0,0.0,0.0,0.0,0.0,0.0,0.0,0.0,0.0,0.0,0.0,0.0,0.0,0.0,0.0,0.0,0.0,0.0
210,0.0,0.0,0.0,0.0,0.0,0.0,0.0,0.0,0.0,0.0,0.0,0.0,0.0,0.0,0.0,0.0,0.0,0.0,0.0,0.0,0.0,0.0,0.0,0.0
211,0.0,0.0,0.0,0.0,0.0,0.0,0.0,0.0,0.0,0.0,0.0,0.0,0.0,0.0,0.0,0.0,0.0,0.0,0.0,0.0,0.0,0.0,0.0,0.0
212,0.0,0.0,0.0,0.0,0.0,0.0,0.0,0.0,0.0,0.0,0.0,0.0,0.0,0.0,0.0,0.0,0.0,0.0,0.0,0.0,0.0,0.0,0.0,0.0
213,0.0,0.0,0.0,0.0,0.0,0.0,0.0,0.0,0.0,0.0,0.0,0.0,0.0,0.0,0.0,0.0,0.0,0.0,0.0,0.0,0.0,0.0,0.0,0.0
214,0.0,0.0,0.0,0.0,0.0,0.0,0.0,0.0,0.0,0.0,0.0,0.0,0.0,0.0,0.0,0.0,0.0,0.0,0.0,0.0,0.0,0.0,0.0,0.0
215,0.0,0.0,0.0,0.0,0.0,0.0,0.0,0.0,0.0,0.0,0.0,0.0,0.0,0.0,0.0,0.0,0.0,0.0,0.0,0.0,0.0,0.0,0.0,0.0
216,0.0,0.0,0.0,0.0,0.0,0.0,0.0,0.0,0.0,0.0,0.0,0.0,0.0,0.0,0.0,0.0,0.0,0.0,0.0,0.0,0.0,0.0,0.0,0.0
217,0.0,0.0,0.0,0.0,0.0,0.0,0.0,0.0,0.0,0.0,0.0,0.0,0.0,0.0,0.0,0.0,0.0,0.0,0.0,0.0,0.0,0.0,0.0,0.0
218,0.0,0.0,0.0,0.0,0.0,0.0,0.0,0.0,0.0,0.0,0.0,0.0,0.0,0.0,0.0,0.0,0.0,0.0,0.0,0.0,0.0,0.0,0.0,0.0
219,0.0,0.0,0.0,0.0,0.0,0.0,0.0,0.0,0.0,0.0,0.0,0.0,0.0,0.0,0.0,0.0,0.0,0.0,0.0,0.0,0.0,0.0,0.0,0.0
220,0.0,0.0,0.0,0.0,0.0,0.0,0.0,0.0,0.0,0.0,0.0,0.0,0.0,0.0,0.0,0.0,0.0,0.0,0.0,0.0,0.0,0.0,0.0,0.0
221,0.0,0.0,0.0,0.0,0.0,0.0,0.0,0.0,0.0,0.0,0.0,0.0,0.0,0.0,0.0,0.0,0.0,0.0,0.0,0.0,0.0,0.0,0.0,0.0
222,0.0,0.0,0.0,0.0,0.0,0.0,0.0,0.0,0.0,0.0,0.0,0.0,0.0,0.0,0.0,0.0,0.0,0.0,0.0,0.0,0.0,0.0,0.0,0.0
223,0.0,0.0,0.0,0.0,0.0,0.0,0.0,0.0,0.0,0.0,0.0,0.0,0.0,0.0,0.0,0.0,0.0,0.0,0.0,0.0,0.0,0.0,0.0,0.0
224,0.0,0.0,0.0,0.0,0.0,0.0,0.0,0.0,0.0,0.0,0.0,0.0,0.0,0.0,0.0,0.0,0.0,0.0,0.0,0.0,0.0,0.0,0.0,0.0
225,0.0,0.0,0.0,0.0,0.0,0.0,0.0,0.0,0.0,0.0,0.0,0.0,0.0,0.0,0.0,0.0,0.0,0.0,0.0,0.0,0.0,0.0,0.0,0.0
226,0.0,0.0,0.0,0.0,0.0,0.0,0.0,0.0,0.0,0.0,0.0,0.0,0.0,0.0,0.0,0.0,0.0,0.0,0.0,0.0,0.0,0.0,0.0,0.0
227,0.0,0.0,0.0,0.0,0.0,0.0,0.0,0.0,0.0,0.0,0.0,0.0,0.0,0.0,0.0,0.0,0.0,0.0,0.0,0.0,0.0,0.0,0.0,0.0
228,0.0,0.0,0.0,0.0,0.0,0.0,0.0,0.0,0.0,0.0,0.0,0.0,0.0,0.0,0.0,0.0,0.0,0.0,0.0,0.0,0.0,0.0,0.0,0.0
229,0.0,0.0,0.0,0.0,0.0,0.0,0.0,0.0,0.0,0.0,0.0,0.0,0.0,0.0,0.0,0.0,0.0,0.0,0.0,0.0,0.0,0.0,0.0,0.0
230,0.0,0.0,0.0,0.0,0.0,0.0,0.0,0.0,0.0,0.0,0.0,0.0,0.0,0.0,0.0,0.0,0.0,0.0,0.0,0.0,0.0,0.0,0.0,0.0
231,0.0,0.0,0.0,0.0,0.0,0.0,0.0,0.0,0.0,0.0,0.0,0.0,0.0,0.0,0.0,0.0,0.0,0.0,0.0,0.0,0.0,0.0,0.0,0.0
232,0.0,0.0,0.0,0.0,0.0,0.0,0.0,0.0,0.0,0.0,0.0,0.0,0.0,0.0,0.0,0.0,0.0,0.0,0.0,0.0,0.0,0.0,0.0,0.0
233,0.0,0.0,0.0,0.0,0.0,0.0,0.0,0.0,0.0,0.0,0.0,0.0,0.0,0.0,0.0,0.0,0.0,0.0,0.0,0.0,0.0,0.0,0.0,0.0
234,0.0,0.0,0.0,0.0,0.0,0.0,0.0,0.0,0.0,0.0,0.0,0.0,0.0,0.0,0.0,0.0,0.0,0.0,0.0,0.0,0.0,0.0,0.0,0.0
235,0.0,0.0,0.0,0.0,0.0,0.0,0.0,0.0,0.0,0.0,0.0,0.0,0.0,0.0,0.0,0.0,0.0,0.0,0.0,0.0,0.0,0.0,0.0,0.0
236,0.0,0.0,0.0,0.0,0.0,0.0,0.0,0.0,0.0,0.0,0.0,0.0,0.0,0.0,0.0,0.0,0.0,0.0,0.0,0.0,0.0,0.0,0.0,0.0
237,0.0,0.0,0.0,0.0,0.0,0.0,0.0,0.0,0.0,0.0,0.0,0.0,0.0,0.0,0.0,0.0,0.0,0.0,0.0,0.0,0.0,0.0,0.0,0.0
238,0.0,0.0,0.0,0.0,0.0,0.0,0.0,0.0,0.0,0.0,0.0,0.0,0.0,0.0,0.0,0.0,0.0,0.0,0.0,0.0,0.0,0.0,0.0,0.0
239,0.0,0.0,0.0,0.0,0.0,0.0,0.0,0.0,0.0,0.0,0.0,0.0,0.0,0.0,0.0,0.0,0.0,0.0,0.0,0.0,0.0,0.0,0.0,0.0
240,0.0,0.0,0.0,0.0,0.0,0.0,0.0,0.0,0.0,0.0,0.0,0.0,0.0,0.0,0.0,0.0,0.0,0.0,0.0,0.0,0.0,0.0,0.0,0.0
241,0.0,0.0,0.0,0.0,0.0,0.0,0.0,0.0,0.0,0.0,0.0,0.0,0.0,0.0,0.0,0.0,0.0,0.0,0.0,0.0,0.0,0.0,0.0,0.0
242,0.0,0.0,0.0,0.0,0.0,0.0,0.0,0.0,0.0,0.0,0.0,0.0,0.0,0.0,0.0,0.0,0.0,0.0,0.0,0.0,0.0,0.0,0.0,0.0
243,0.0,0.0,0.0,0.0,0.0,0.0,0.0,0.0,0.0,0.0,0.0,0.0,0.0,0.0,0.0,0.0,0.0,0.0,0.0,0.0,0.0,0.0,0.0,0.0
244,0.0,0.0,0.0,0.0,0.0,0.0,0.0,0.0,0.0,0.0,0.0,0.0,0.0,0.0,0.0,0.0,0.0,0.0,0.0,0.0,0.0,0.0,0.0,0.0
245,0.0,0.0,0.0,0.0,0.0,0.0,0.0,0.0,0.0,0.0,0.0,0.0,0.0,0.0,0.0,0.0,0.0,0.0,0.0,0.0,0.0,0.0,0.0,0.0
246,0.0,0.0,0.0,0.0,0.0,0.0,0.0,0.0,0.0,0.0,0.0,0.0,0.0,0.0,0.0,0.0,0.0,0.0,0.0,0.0,0.0,0.0,0.0,0.0
247,0.0,0.0,0.0,0.0,0.0,0.0,0.0,0.0,0.0,0.0,0.0,0.0,0.0,0.0,0.0,0.0,0.0,0.0,0.0,0.0,0.0,0.0,0.0,0.0
248,0.0,0.0,0.0,0.0,0.0,0.0,0.0,0.0,0.0,0.0,0.0,0.0,0.0,0.0,0.0,0.0,0.0,0.0,0.0,0.0,0.0,0.0,0.0,0.0
249,0.0,0.0,0.0,0.0,0.0,0.0,0.0,0.0,0.0,0.0,0.0,0.0,0.0,0.0,0.0,0.0,0.0,0.0,0.0,0.0,0.0,0.0,0.0,0.0
250,0.0,0.0,0.0,0.0,0.0,0.0,0.0,0.0,0.0,0.0,0.0,0.0,0.0,0.0,0.0,0.0,0.0,0.0,0.0,0.0,0.0,0.0,0.0,0.0
251,0.0,0.0,0.0,0.0,0.0,0.0,0.0,0.0,0.0,0.0,0.0,0.0,0.0,0.0,0.0,0.0,0.0,0.0,0.0,0.0,0.0,0.0,0.0,0.0
252,0.0,0.0,0.0,0.0,0.0,0.0,0.0,0.0,0.0,0.0,0.0,0.0,0.0,0.0,0.0,0.0,0.0,0.0,0.0,0.0,0.0,0.0,0.0,0.0
253,0.0,0.0,0.0,0.0,0.0,0.0,0.0,0.0,0.0,0.0,0.0,0.0,0.0,0.0,0.0,0.0,0.0,0.0,0.0,0.0,0.0,0.0,0.0,0.0
254,0.0,0.0,0.0,0.0,0.0,0.0,0.0,0.0,0.0,0.0,0.0,0.0,0.0,0.0,0.0,0.0,0.0,0.0,0.0,0.0,0.0,0.0,0.0,0.0
255,0.0,0.0,0.0,0.0,0.0,0.0,0.0,0.0,0.0,0.0,0.0,0.0,0.0,0.0,0.0,0.0,0.0,0.0,0.0,0.0,0.0,0.0,0.0,0.0
256,0.0,0.0,0.0,0.0,0.0,0.0,0.0,0.0,0.0,0.0,0.0,0.0,0.0,0.0,0.0,0.0,0.0,0.0,0.0,0.0,0.0,0.0,0.0,0.0
257,0.0,0.0,0.0,0.0,0.0,0.0,0.0,0.0,0.0,0.0,0.0,0.0,0.0,0.0,0.0,0.0,0.0,0.0,0.0,0.0,0.0,0.0,0.0,0.0
258,0.0,0.0,0.0,0.0,0.0,0.0,0.0,0.0,0.0,0.0,0.0,0.0,0.0,0.0,0.0,0.0,0.0,0.0,0.0,0.0,0.0,0.0,0.0,0.0
259,0.0,0.0,0.0,0.0,0.0,0.0,0.0,0.0,0.0,0.0,0.0,0.0,0.0,0.0,0.0,0.0,0.0,0.0,0.0,0.0,0.0,0.0,0.0,0.0
260,0.0,0.0,0.0,0.0,0.0,0.0,0.0,0.0,0.0,0.0,0.0,0.0,0.0,0.0,0.0,0.0,0.0,0.0,0.0,0.0,0.0,0.0,0.0,0.0
261,0.0,0.0,0.0,0.0,0.0,0.0,0.0,0.0,0.0,0.0,0.0,0.0,0.0,0.0,0.0,0.0,0.0,0.0,0.0,0.0,0.0,0.0,0.0,0.0
262,0.0,0.0,0.0,0.0,0.0,0.0,0.0,0.0,0.0,0.0,0.0,0.0,0.0,0.0,0.0,0.0,0.0,0.0,0.0,0.0,0.0,0.0,0.0,0.0
263,0.0,0.0,0.0,0.0,0.0,0.0,0.0,0.0,0.0,0.0,0.0,0.0,0.0,0.0,0.0,0.0,0.0,0.0,0.0,0.0,0.0,0.0,0.0,0.0
264,0.0,0.0,0.0,0.0,0.0,0.0,0.0,0.0,0.0,0.0,0.0,0.0,0.0,0.0,0.0,0.0,0.0,0.0,0.0,0.0,0.0,0.0,0.0,0.0
265,0.0,0.0,0.0,0.0,0.0,0.0,0.0,0.0,0.0,0.0,0.0,0.0,0.0,0.0,0.0,0.0,0.0,0.0,0.0,0.0,0.0,0.0,0.0,0.0
266,0.0,0.0,0.0,0.0,0.0,0.0,0.0,0.0,0.0,0.0,0.0,0.0,0.0,0.0,0.0,0.0,0.0,0.0,0.0,0.0,0.0,0.0,0.0,0.0
267,0.0,0.0,0.0,0.0,0.0,0.0,0.0,0.0,0.0,0.0,0.0,0.0,0.0,0.0,0.0,0.0,0.0,0.0,0.0,0.0,0.0,0.0,0.0,0.0
268,0.0,0.0,0.0,0.0,0.0,0.0,0.0,0.0,0.0,0.0,0.0,0.0,0.0,0.0,0.0,0.0,0.0,0.0,0.0,0.0,0.0,0.0,0.0,0.0
269,0.0,0.0,0.0,0.0,0.0,0.0,0.0,0.0,0.0,0.0,0.0,0.0,0.0,0.0,0.0,0.0,0.0,0.0,0.0,0.0,0.0,0.0,0.0,0.0
270,0.0,0.0,0.0,0.0,0.0,0.0,0.0,0.0,0.0,0.0,0.0,0.0,0.0,0.0,0.0,0.0,0.0,0.0,0.0,0.0,0.0,0.0,0.0,0.0
271,0.0,0.0,0.0,0.0,0.0,0.0,0.0,0.0,0.0,0.0,0.0,0.0,0.0,0.0,0.0,0.0,0.0,0.0,0.0,0.0,0.0,0.0,0.0,0.0
272,0.0,0.0,0.0,0.0,0.0,0.0,0.0,0.0,0.0,0.0,0.0,0.0,0.0,0.0,0.0,0.0,0.0,0.0,0.0,0.0,0.0,0.0,0.0,0.0
273,0.0,0.0,0.0,0.0,0.0,0.0,0.0,0.0,0.0,0.0,0.0,0.0,0.0,0.0,0.0,0.0,0.0,0.0,0.0,0.0,0.0,0.0,0.0,0.0
274,2.1936,2.061,1.9795,1.9168,1.9145,2.0019,2.1953,2.4021,2.4076,2.3824,2.3828,2.3906,2.4342,2.5136,2.6539,2.7927,2.9189,2.9999,2.981,3.0831,2.9655,2.799,2.5925,2.3625
275,0.0,0.0,0.0,0.0,0.0,0.0,0.0,0.0,0.0,0.0,0.0,0.0,0.0,0.0,0.0,0.0,0.0,0.0,0.0,0.0,0.0,0.0,0.0,0.0
276,0.0,0.0,0.0,0.0,0.0,0.0,0.0,0.0,0.0,0.0,0.0,0.0,0.0,0.0,0.0,0.0,0.0,0.0,0.0,0.0,0.0,0.0,0.0,0.0
277,0.0,0.0,0.0,0.0,0.0,0.0,0.0,0.0,0.0,0.0,0.0,0.0,0.0,0.0,0.0,0.0,0.0,0.0,0.0,0.0,0.0,0.0,0.0,0.0
278,0.0,0.0,0.0,0.0,0.0,0.0,0.0,0.0,0.0,0.0,0.0,0.0,0.0,0.0,0.0,0.0,0.0,0.0,0.0,0.0,0.0,0.0,0.0,0.0
279,0.0,0.0,0.0,0.0,0.0,0.0,0.0,0.0,0.0,0.0,0.0,0.0,0.0,0.0,0.0,0.0,0.0,0.0,0.0,0.0,0.0,0.0,0.0,0.0
280,0.0,0.0,0.0,0.0,0.0,0.0,0.0,0.0,0.0,0.0,0.0,0.0,0.0,0.0,0.0,0.0,0.0,0.0,0.0,0.0,0.0,0.0,0.0,0.0
281,11.7656,11.5451,11.2804,11.121,11.0909,11.3113,12.1485,13.1232,13.5578,14.0964,14.7701,15.1355,15.5821,16.0274,16.6429,16.9739,16.8961,16.592,15.8636,15.4496,14.8255,14.0708,13.2369,12.4746
282,0.0,0.0,0.0,0.0,0.0,0.0,0.0,0.0,0.0,0.0,0.0,0.0,0.0,0.0,0.0,0.0,0.0,0.0,0.0,0.0,0.0,0.0,0.0,0.0
283,0.0,0.0,0.0,0.0,0.0,0.0,0.0,0.0,0.0,0.0,0.0,0.0,0.0,0.0,0.0,0.0,0.0,0.0,0.0,0.0,0.0,0.0,0.0,0.0
284,0.0,0.0,0.0,0.0,0.0,0.0,0.0,0.0,0.0,0.0,0.0,0.0,0.0,0.0,0.0,0.0,0.0,0.0,0.0,0.0,0.0,0.0,0.0,0.0
285,0.0,0.0,0.0,0.0,0.0,0.0,0.0,0.0,0.0,0.0,0.0,0.0,0.0,0.0,0.0,0.0,0.0,0.0,0.0,0.0,0.0,0.0,0.0,0.0
286,0.0,0.0,0.0,0.0,0.0,0.0,0.0,0.0,0.0,0.0,0.0,0.0,0.0,0.0,0.0,0.0,0.0,0.0,0.0,0.0,0.0,0.0,0.0,0.0
287,0.0,0.0,0.0,0.0,0.0,0.0,0.0,0.0,0.0,0.0,0.0,0.0,0.0,0.0,0.0,0.0,0.0,0.0,0.0,0.0,0.0,0.0,0.0,0.0
288,0.0,0.0,0.0,0.0,0.0,0.0,0.0,0.0,0.0,0.0,0.0,0.0,0.0,0.0,0.0,0.0,0.0,0.0,0.0,0.0,0.0,0.0,0.0,0.0
289,0.0,0.0,0.0,0.0,0.0,0.0,0.0,0.0,0.0,0.0,0.0,0.0,0.0,0.0,0.0,0.0,0.0,0.0,0.0,0.0,0.0,0.0,0.0,0.0
290,0.0,0.0,0.0,0.0,0.0,0.0,0.0,0.0,0.0,0.0,0.0,0.0,0.0,0.0,0.0,0.0,0.0,0.0,0.0,0.0,0.0,0.0,0.0,0.0
291,0.0,0.0,0.0,0.0,0.0,0.0,0.0,0.0,0.0,0.0,0.0,0.0,0.0,0.0,0.0,0.0,0.0,0.0,0.0,0.0,0.0,0.0,0.0,0.0
292,0.0,0.0,0.0,0.0,0.0,0.0,0.0,0.0,0.0,0.0,0.0,0.0,0.0,0.0,0.0,0.0,0.0,0.0,0.0,0.0,0.0,0.0,0.0,0.0
293,0.0,0.0,0.0,0.0,0.0,0.0,0.0,0.0,0.0,0.0,0.0,0.0,0.0,0.0,0.0,0.0,0.0,0.0,0.0,0.0,0.0,0.0,0.0,0.0
294,0.0,0.0,0.0,0.0,0.0,0.0,0.0,0.0,0.0,0.0,0.0,0.0,0.0,0.0,0.0,0.0,0.0,0.0,0.0,0.0,0.0,0.0,0.0,0.0
295,0.0,0.0,0.0,0.0,0.0,0.0,0.0,0.0,0.0,0.0,0.0,0.0,0.0,0.0,0.0,0.0,0.0,0.0,0.0,0.0,0.0,0.0,0.0,0.0
296,0.0,0.0,0.0,0.0,0.0,0.0,0.0,0.0,0.0,0.0,0.0,0.0,0.0,0.0,0.0,0.0,0.0,0.0,0.0,0.0,0.0,0.0,0.0,0.0
297,0.0,0.0,0.0,0.0,0.0,0.0,0.0,0.0,0.0,0.0,0.0,0.0,0.0,0.0,0.0,0.0,0.0,0.0,0.0,0.0,0.0,0.0,0.0,0.0
298,0.0,0.0,0.0,0.0,0.0,0.0,0.0,0.0,0.0,0.0,0.0,0.0,0.0,0.0,0.0,0.0,0.0,0.0,0.0,0.0,0.0,0.0,0.0,0.0
299,0.0,0.0,0.0,0.0,0.0,0.0,0.0,0.0,0.0,0.0,0.0,0.0,0.0,0.0,0.0,0.0,0.0,0.0,0.0,0.0,0.0,0.0,0.0,0.0
300,0.0,0.0,0.0,0.0,0.0,0.0,0.0,0.0,0.0,0.0,0.0,0.0,0.0,0.0,0.0,0.0,0.0,0.0,0.0,0.0,0.0,0.0,0.0,0.0
301,0.0,0.0,0.0,0.0,0.0,0.0,0.0,0.0,0.0,0.0,0.0,0.0,0.0,0.0,0.0,0.0,0.0,0.0,0.0,0.0,0.0,0.0,0.0,0.0
302,0.0,0.0,0.0,0.0,0.0,0.0,0.0,0.0,0.0,0.0,0.0,0.0,0.0,0.0,0.0,0.0,0.0,0.0,0.0,0.0,0.0,0.0,0.0,0.0
303,0.0,0.0,0.0,0.0,0.0,0.0,0.0,0.0,0.0,0.0,0.0,0.0,0.0,0.0,0.0,0.0,0.0,0.0,0.0,0.0,0.0,0.0,0.0,0.0
304,0.0,0.0,0.0,0.0,0.0,0.0,0.0,0.0,0.0,0.0,0.0,0.0,0.0,0.0,0.0,0.0,0.0,0.0,0.0,0.0,0.0,0.0,0.0,0.0
305,0.0,0.0,0.0,0.0,0.0,0.0,0.0,0.0,0.0,0.0,0.0,0.0,0.0,0.0,0.0,0.0,0.0,0.0,0.0,0.0,0.0,0.0,0.0,0.0
306,0.0,0.0,0.0,0.0,0.0,0.0,0.0,0.0,0.0,0.0,0.0,0.0,0.0,0.0,0.0,0.0,0.0,0.0,0.0,0.0,0.0,0.0,0.0,0.0
307,0.0,0.0,0.0,0.0,0.0,0.0,0.0,0.0,0.0,0.0,0.0,0.0,0.0,0.0,0.0,0.0,0.0,0.0,0.0,0.0,0.0,0.0,0.0,0.0
308,0.0,0.0,0.0,0.0,0.0,0.0,0.0,0.0,0.0,0.0,0.0,0.0,0.0,0.0,0.0,0.0,0.0,0.0,0.0,0.0,0.0,0.0,0.0,0.0
309,0.0,0.0,0.0,0.0,0.0,0.0,0.0,0.0,0.0,0.0,0.0,0.0,0.0,0.0,0.0,0.0,0.0,0.0,0.0,0.0,0.0,0.0,0.0,0.0
310,0.0,0.0,0.0,0.0,0.0,0.0,0.0,0.0,0.0,0.0,0.0,0.0,0.0,0.0,0.0,0.0,0.0,0.0,0.0,0.0,0.0,0.0,0.0,0.0
311,0.0,0.0,0.0,0.0,0.0,0.0,0.0,0.0,0.0,0.0,0.0,0.0,0.0,0.0,0.0,0.0,0.0,0.0,0.0,0.0,0.0,0.0,0.0,0.0
312,0.0,0.0,0.0,0.0,0.0,0.0,0.0,0.0,0.0,0.0,0.0,0.0,0.0,0.0,0.0,0.0,0.0,0.0,0.0,0.0,0.0,0.0,0.0,0.0
313,0.0,0.0,0.0,0.0,0.0,0.0,0.0,0.0,0.0,0.0,0.0,0.0,0.0,0.0,0.0,0.0,0.0,0.0,0.0,0.0,0.0,0.0,0.0,0.0
314,0.0,0.0,0.0,0.0,0.0,0.0,0.0,0.0,0.0,0.0,0.0,0.0,0.0,0.0,0.0,0.0,0.0,0.0,0.0,0.0,0.0,0.0,0.0,0.0
315,5.4965,5.0059,4.7462,4.5322,4.5321,4.8311,5.3802,5.9415,5.825,5.5444,5.3289,5.2441,5.2849,5.4777,5.8734,6.3543,6.9141,7.3547,7.5098,8.0753,7.7786,7.3167,6.7111,5.9832
316,0.0,0.0,0.0,0.0,0.0,0.0,0.0,0.0,0.0,0.0,0.0,0.0,0.0,0.0,0.0,0.0,0.0,0.0,0.0,0.0,0.0,0.0,0.0,0.0
317,0.0,0.0,0.0,0.0,0.0,0.0,0.0,0.0,0.0,0.0,0.0,0.0,0.0,0.0,0.0,0.0,0.0,0.0,0.0,0.0,0.0,0.0,0.0,0.0
318,0.0,0.0,0.0,0.0,0.0,0.0,0.0,0.0,0.0,0.0,0.0,0.0,0.0,0.0,0.0,0.0,0.0,0.0,0.0,0.0,0.0,0.0,0.0,0.0
319,0.0,0.0,0.0,0.0,0.0,0.0,0.0,0.0,0.0,0.0,0.0,0.0,0.0,0.0,0.0,0.0,0.0,0.0,0.0,0.0,0.0,0.0,0.0,0.0
320,0.0,0.0,0.0,0.0,0.0,0.0,0.0,0.0,0.0,0.0,0.0,0.0,0.0,0.0,0.0,0.0,0.0,0.0,0.0,0.0,0.0,0.0,0.0,0.0
321,0.0,0.0,0.0,0.0,0.0,0.0,0.0,0.0,0.0,0.0,0.0,0.0,0.0,0.0,0.0,0.0,0.0,0.0,0.0,0.0,0.0,0.0,0.0,0.0
322,0.0,0.0,0.0,0.0,0.0,0.0,0.0,0.0,0.0,0.0,0.0,0.0,0.0,0.0,0.0,0.0,0.0,0.0,0.0,0.0,0.0,0.0,0.0,0.0
323,0.0,0.0,0.0,0.0,0.0,0.0,0.0,0.0,0.0,0.0,0.0,0.0,0.0,0.0,0.0,0.0,0.0,0.0,0.0,0.0,0.0,0.0,0.0,0.0
324,0.0,0.0,0.0,0.0,0.0,0.0,0.0,0.0,0.0,0.0,0.0,0.0,0.0,0.0,0.0,0.0,0.0,0.0,0.0,0.0,0.0,0.0,0.0,0.0
325,0.0,0.0,0.0,0.0,0.0,0.0,0.0,0.0,0.0,0.0,0.0,0.0,0.0,0.0,0.0,0.0,0.0,0.0,0.0,0.0,0.0,0.0,0.0,0.0
326,0.0,0.0,0.0,0.0,0.0,0.0,0.0,0.0,0.0,0.0,0.0,0.0,0.0,0.0,0.0,0.0,0.0,0.0,0.0,0.0,0.0,0.0,0.0,0.0
327,0.0,0.0,0.0,0.0,0.0,0.0,0.0,0.0,0.0,0.0,0.0,0.0,0.0,0.0,0.0,0.0,0.0,0.0,0.0,0.0,0.0,0.0,0.0,0.0
328,0.0,0.0,0.0,0.0,0.0,0.0,0.0,0.0,0.0,0.0,0.0,0.0,0.0,0.0,0.0,0.0,0.0,0.0,0.0,0.0,0.0,0.0,0.0,0.0
329,0.0,0.0,0.0,0.0,0.0,0.0,0.0,0.0,0.0,0.0,0.0,0.0,0.0,0.0,0.0,0.0,0.0,0.0,0.0,0.0,0.0,0.0,0.0,0.0
330,0.0,0.0,0.0,0.0,0.0,0.0,0.0,0.0,0.0,0.0,0.0,0.0,0.0,0.0,0.0,0.0,0.0,0.0,0.0,0.0,0.0,0.0,0.0,0.0
331,0.0,0.0,0.0,0.0,0.0,0.0,0.0,0.0,0.0,0.0,0.0,0.0,0.0,0.0,0.0,0.0,0.0,0.0,0.0,0.0,0.0,0.0,0.0,0.0
332,0.0,0.0,0.0,0.0,0.0,0.0,0.0,0.0,0.0,0.0,0.0,0.0,0.0,0.0,0.0,0.0,0.0,0.0,0.0,0.0,0.0,0.0,0.0,0.0
333,0.0,0.0,0.0,0.0,0.0,0.0,0.0,0.0,0.0,0.0,0.0,0.0,0.0,0.0,0.0,0.0,0.0,0.0,0.0,0.0,0.0,0.0,0.0,0.0
334,0.0,0.0,0.0,0.0,0.0,0.0,0.0,0.0,0.0,0.0,0.0,0.0,0.0,0.0,0.0,0.0,0.0,0.0,0.0,0.0,0.0,0.0,0.0,0.0
335,0.0,0.0,0.0,0.0,0.0,0.0,0.0,0.0,0.0,0.0,0.0,0.0,0.0,0.0,0.0,0.0,0.0,0.0,0.0,0.0,0.0,0.0,0.0,0.0
336,0.0,0.0,0.0,0.0,0.0,0.0,0.0,0.0,0.0,0.0,0.0,0.0,0.0,0.0,0.0,0.0,0.0,0.0,0.0,0.0,0.0,0.0,0.0,0.0
337,0.0,0.0,0.0,0.0,0.0,0.0,0.0,0.0,0.0,0.0,0.0,0.0,0.0,0.0,0.0,0.0,0.0,0.0,0.0,0.0,0.0,0.0,0.0,0.0
338,0.0,0.0,0.0,0.0,0.0,0.0,0.0,0.0,0.0,0.0,0.0,0.0,0.0,0.0,0.0,0.0,0.0,0.0,0.0,0.0,0.0,0.0,0.0,0.0
339,0.0,0.0,0.0,0.0,0.0,0.0,0.0,0.0,0.0,0.0,0.0,0.0,0.0,0.0,0.0,0.0,0.0,0.0,0.0,0.0,0.0,0.0,0.0,0.0
340,0.0,0.0,0.0,0.0,0.0,0.0,0.0,0.0,0.0,0.0,0.0,0.0,0.0,0.0,0.0,0.0,0.0,0.0,0.0,0.0,0.0,0.0,0.0,0.0
341,0.0,0.0,0.0,0.0,0.0,0.0,0.0,0.0,0.0,0.0,0.0,0.0,0.0,0.0,0.0,0.0,0.0,0.0,0.0,0.0,0.0,0.0,0.0,0.0
342,0.0,0.0,0.0,0.0,0.0,0.0,0.0,0.0,0.0,0.0,0.0,0.0,0.0,0.0,0.0,0.0,0.0,0.0,0.0,0.0,0.0,0.0,0.0,0.0
343,0.0,0.0,0.0,0.0,0.0,0.0,0.0,0.0,0.0,0.0,0.0,0.0,0.0,0.0,0.0,0.0,0.0,0.0,0.0,0.0,0.0,0.0,0.0,0.0
344,0.0,0.0,0.0,0.0,0.0,0.0,0.0,0.0,0.0,0.0,0.0,0.0,0.0,0.0,0.0,0.0,0.0,0.0,0.0,0.0,0.0,0.0,0.0,0.0
345,0.0,0.0,0.0,0.0,0.0,0.0,0.0,0.0,0.0,0.0,0.0,0.0,0.0,0.0,0.0,0.0,0.0,0.0,0.0,0.0,0.0,0.0,0.0,0.0
346,0.0,0.0,0.0,0.0,0.0,0.0,0.0,0.0,0.0,0.0,0.0,0.0,0.0,0.0,0.0,0.0,0.0,0.0,0.0,0.0,0.0,0.0,0.0,0.0
347,0.0,0.0,0.0,0.0,0.0,0.0,0.0,0.0,0.0,0.0,0.0,0.0,0.0,0.0,0.0,0.0,0.0,0.0,0.0,0.0,0.0,0.0,0.0,0.0
348,0.0,0.0,0.0,0.0,0.0,0.0,0.0,0.0,0.0,0.0,0.0,0.0,0.0,0.0,0.0,0.0,0.0,0.0,0.0,0.0,0.0,0.0,0.0,0.0
349,0.0,0.0,0.0,0.0,0.0,0.0,0.0,0.0,0.0,0.0,0.0,0.0,0.0,0.0,0.0,0.0,0.0,0.0,0.0,0.0,0.0,0.0,0.0,0.0
350,0.7741,0.7173,0.685,0.6593,0.6589,0.6947,0.7671,0.8427,0.8365,0.8139,0.8004,0.7965,0.8076,0.8353,0.8875,0.9449,1.0048,1.0483,1.0544,1.11,1.0684,1.0068,0.9284,0.8377
351,0.0,0.0,0.0,0.0,0.0,0.0,0.0,0.0,0.0,0.0,0.0,0.0,0.0,0.0,0.0,0.0,0.0,0.0,0.0,0.0,0.0,0.0,0.0,0.0
352,4.2911,3.8583,3.6381,3.4531,3.4548,3.7134,4.1624,4.6142,4.4823,4.1948,3.9584,3.8594,3.8698,4.0183,4.3411,4.7584,5.272,5.6908,5.8755,6.4145,6.1823,5.8076,5.307,4.691
353,11.5918,11.2911,11.0011,10.814,10.7874,11.0467,11.9055,12.8886,13.248,13.6641,14.2138,14.5188,14.9226,15.3581,15.9878,16.3841,16.4357,16.2616,15.6506,15.406,14.79,14.0229,13.1548,12.3238
354,3.1323,2.7809,2.6076,2.4597,2.4623,2.669,3.0113,3.3508,3.2252,2.9664,2.7452,2.6495,2.6416,2.7486,2.9942,3.3288,3.7585,4.1177,4.298,4.7612,4.5912,4.3077,3.9224,3.4386
355,5.005,4.6001,4.3782,4.1984,4.1968,4.4479,4.931,5.4306,5.359,5.1608,5.0217,4.972,5.0273,5.2045,5.5531,5.9559,6.4014,6.7398,6.8277,7.2609,6.9913,6.5824,6.0542,5.4314
356,0.0,0.0,0.0,0.0,0.0,0.0,0.0,0.0,0.0,0.0,0.0,0.0,0.0,0.0,0.0,0.0,0.0,0.0,0.0,0.0,0.0,0.0,0.0,0.0
357,0.0,0.0,0.0,0.0,0.0,0.0,0.0,0.0,0.0,0.0,0.0,0.0,0.0,0.0,0.0,0.0,0.0,0.0,0.0,0.0,0.0,0.0,0.0,0.0
358,0.0,0.0,0.0,0.0,0.0,0.0,0.0,0.0,0.0,0.0,0.0,0.0,0.0,0.0,0.0,0.0,0.0,0.0,0.0,0.0,0.0,0.0,0.0,0.0
359,1.5706,1.3555,1.255,1.1669,1.1696,1.2929,1.4803,1.6611,1.5661,1.3831,1.219,1.1454,1.1247,1.1768,1.3107,1.5112,1.7864,2.0249,2.165,2.4732,2.3875,2.2344,2.0195,1.7397
360,0.0,0.0,0.0,0.0,0.0,0.0,0.0,0.0,0.0,0.0,0.0,0.0,0.0,0.0,0.0,0.0,0.0,0.0,0.0,0.0,0.0,0.0,0.0,0.0
361,1.4358,1.3166,1.2519,1.1992,1.1989,1.2724,1.4122,1.5564,1.5334,1.4724,1.4284,1.4121,1.4267,1.4774,1.5782,1.6963,1.8287,1.9303,1.9594,2.0896,2.0122,1.8941,1.7408,1.5593
362,7.7302,7.5973,7.4276,7.3271,7.3069,7.4457,7.9909,8.6281,8.9234,9.2937,9.7526,10.0005,10.2991,10.5922,10.9932,11.2006,11.1312,10.9135,10.4197,10.1243,9.7145,9.222,8.6807,8.1913
363,0.0,0.0,0.0,0.0,0.0,0.0,0.0,0.0,0.0,0.0,0.0,0.0,0.0,0.0,0.0,0.0,0.0,0.0,0.0,0.0,0.0,0.0,0.0,0.0
364,0.0,0.0,0.0,0.0,0.0,0.0,0.0,0.0,0.0,0.0,0.0,0.0,0.0,0.0,0.0,0.0,0.0,0.0,0.0,0.0,0.0,0.0,0.0,0.0
365,18.7149,18.5665,18.2165,18.0358,17.9807,18.229,19.4781,20.9733,21.8312,22.9659,24.3143,25.0289,25.8268,26.5432,27.4658,27.8219,27.3869,26.5991,25.1819,24.1272,23.1372,21.9938,20.7801,19.7617
366,0.5782,0.499,0.462,0.4296,0.4306,0.476,0.545,0.6116,0.5766,0.5092,0.4488,0.4217,0.4141,0.4333,0.4826,0.5564,0.6577,0.7455,0.797,0.9105,0.879,0.8226,0.7435,0.6405
367,0.0,0.0,0.0,0.0,0.0,0.0,0.0,0.0,0.0,0.0,0.0,0.0,0.0,0.0,0.0,0.0,0.0,0.0,0.0,0.0,0.0,0.0,0.0,0.0
368,0.0,0.0,0.0,0.0,0.0,0.0,0.0,0.0,0.0,0.0,0.0,0.0,0.0,0.0,0.0,0.0,0.0,0.0,0.0,0.0,0.0,0.0,0.0,0.0
369,0.0,0.0,0.0,0.0,0.0,0.0,0.0,0.0,0.0,0.0,0.0,0.0,0.0,0.0,0.0,0.0,0.0,0.0,0.0,0.0,0.0,0.0,0.0,0.0
370,0.0,0.0,0.0,0.0,0.0,0.0,0.0,0.0,0.0,0.0,0.0,0.0,0.0,0.0,0.0,0.0,0.0,0.0,0.0,0.0,0.0,0.0,0.0,0.0
371,14.1023,12.7087,11.9949,11.3971,11.402,12.2372,13.7013,15.1781,14.7681,13.8626,13.1249,12.8185,12.8648,13.3541,14.4069,15.7544,17.3984,18.7318,19.3023,21.0177,20.2547,19.0315,17.4023,15.4052
372,0.0,0.0,0.0,0.0,0.0,0.0,0.0,0.0,0.0,0.0,0.0,0.0,0.0,0.0,0.0,0.0,0.0,0.0,0.0,0.0,0.0,0.0,0.0,0.0
373,3.6464,3.5484,3.4559,3.3958,3.3876,3.4709,3.7425,4.0527,4.1629,4.289,4.4571,4.5508,4.6763,4.8132,5.0122,5.1398,5.1614,5.1118,4.9241,4.854,4.6601,4.4179,4.1428,3.8781
374,10.8548,10.4766,10.1711,9.9611,9.9397,10.2314,11.075,12.022,12.2789,12.5359,12.9184,13.1403,13.4766,13.8807,14.4973,14.9497,15.1467,15.1288,14.6802,14.6404,14.0623,13.3167,12.4499,11.5791
375,0.0,0.0,0.0,0.0,0.0,0.0,0.0,0.0,0.0,0.0,0.0,0.0,0.0,0.0,0.0,0.0,0.0,0.0,0.0,0.0,0.0,0.0,0.0,0.0
376,10.5818,10.4715,10.2643,10.1527,10.1225,10.2762,10.9932,11.8458,12.3092,12.9145,13.6408,14.0275,14.4672,14.8712,15.4002,15.6238,15.4184,15.0127,14.2451,13.7004,13.1403,12.4863,11.7854,11.1842
377,0.0,0.0,0.0,0.0,0.0,0.0,0.0,0.0,0.0,0.0,0.0,0.0,0.0,0.0,0.0,0.0,0.0,0.0,0.0,0.0,0.0,0.0,0.0,0.0
378,15.8868,15.1346,14.6176,14.2387,14.2146,14.742,16.0578,17.4981,17.7103,17.8134,18.1012,18.2951,18.7013,19.2847,20.2426,21.0721,21.6662,21.9389,21.5362,21.8672,21.0185,19.8713,18.4918,17.0265
379,8.9643,8.3994,8.0583,7.7939,7.7854,8.154,8.9538,9.8049,9.8088,9.674,9.6441,9.6609,9.8292,10.1529,10.7326,11.319,11.8703,12.2355,12.1879,12.6498,12.1691,11.4821,10.6254,9.6638
380,0.0,0.0,0.0,0.0,0.0,0.0,0.0,0.0,0.0,0.0,0.0,0.0,0.0,0.0,0.0,0.0,0.0,0.0,0.0,0.0,0.0,0.0,0.0,0.0
381,4.9661,4.7296,4.5675,4.4486,4.4411,4.6066,5.0185,5.4691,5.5343,5.5646,5.6527,5.7124,5.8387,6.021,6.3209,6.5813,6.7692,6.8565,6.7325,6.8387,6.5733,6.2143,5.7823,5.323
382,0.0,0.0,0.0,0.0,0.0,0.0,0.0,0.0,0.0,0.0,0.0,0.0,0.0,0.0,0.0,0.0,0.0,0.0,0.0,0.0,0.0,0.0,0.0,0.0
383,0.0,0.0,0.0,0.0,0.0,0.0,0.0,0.0,0.0,0.0,0.0,0.0,0.0,0.0,0.0,0.0,0.0,0.0,0.0,0.0,0.0,0.0,0.0,0.0
384,0.0,0.0,0.0,0.0,0.0,0.0,0.0,0.0,0.0,0.0,0.0,0.0,0.0,0.0,0.0,0.0,0.0,0.0,0.0,0.0,0.0,0.0,0.0,0.0
385,0.0,0.0,0.0,0.0,0.0,0.0,0.0,0.0,0.0,0.0,0.0,0.0,0.0,0.0,0.0,0.0,0.0,0.0,0.0,0.0,0.0,0.0,0.0,0.0
386,4.0789,3.8612,3.7198,3.6137,3.6084,3.7562,4.1041,4.4806,4.5148,4.5075,4.5478,4.5814,4.675,4.8238,5.0766,5.3103,5.5006,5.6076,5.5356,5.6688,5.4505,5.149,4.7812,4.3814
387,0.0,0.0,0.0,0.0,0.0,0.0,0.0,0.0,0.0,0.0,0.0,0.0,0.0,0.0,0.0,0.0,0.0,0.0,0.0,0.0,0.0,0.0,0.0,0.0
388,0.0,0.0,0.0,0.0,0.0,0.0,0.0,0.0,0.0,0.0,0.0,0.0,0.0,0.0,0.0,0.0,0.0,0.0,0.0,0.0,0.0,0.0,0.0,0.0
389,0.0,0.0,0.0,0.0,0.0,0.0,0.0,0.0,0.0,0.0,0.0,0.0,0.0,0.0,0.0,0.0,0.0,0.0,0.0,0.0,0.0,0.0,0.0,0.0
390,0.0,0.0,0.0,0.0,0.0,0.0,0.0,0.0,0.0,0.0,0.0,0.0,0.0,0.0,0.0,0.0,0.0,0.0,0.0,0.0,0.0,0.0,0.0,0.0
391,0.0,0.0,0.0,0.0,0.0,0.0,0.0,0.0,0.0,0.0,0.0,0.0,0.0,0.0,0.0,0.0,0.0,0.0,0.0,0.0,0.0,0.0,0.0,0.0
392,4.558,4.3774,4.2414,4.1453,4.1372,4.2707,4.6338,5.0375,5.1273,5.2052,5.3359,5.4147,5.5465,5.7153,5.9803,6.1886,6.305,6.3304,6.1699,6.196,5.953,5.6337,5.2576,4.8709
393,0.0,0.0,0.0,0.0,0.0,0.0,0.0,0.0,0.0,0.0,0.0,0.0,0.0,0.0,0.0,0.0,0.0,0.0,0.0,0.0,0.0,0.0,0.0,0.0
394,0.0,0.0,0.0,0.0,0.0,0.0,0.0,0.0,0.0,0.0,0.0,0.0,0.0,0.0,0.0,0.0,0.0,0.0,0.0,0.0,0.0,0.0,0.0,0.0
395,0.0,0.0,0.0,0.0,0.0,0.0,0.0,0.0,0.0,0.0,0.0,0.0,0.0,0.0,0.0,0.0,0.0,0.0,0.0,0.0,0.0,0.0,0.0,0.0
396,0.0,0.0,0.0,0.0,0.0,0.0,0.0,0.0,0.0,0.0,0.0,0.0,0.0,0.0,0.0,0.0,0.0,0.0,0.0,0.0,0.0,0.0,0.0,0.0
397,0.0,0.0,0.0,0.0,0.0,0.0,0.0,0.0,0.0,0.0,0.0,0.0,0.0,0.0,0.0,0.0,0.0,0.0,0.0,0.0,0.0,0.0,0.0,0.0
398,0.0,0.0,0.0,0.0,0.0,0.0,0.0,0.0,0.0,0.0,0.0,0.0,0.0,0.0,0.0,0.0,0.0,0.0,0.0,0.0,0.0,0.0,0.0,0.0
399,0.0,0.0,0.0,0.0,0.0,0.0,0.0,0.0,0.0,0.0,0.0,0.0,0.0,0.0,0.0,0.0,0.0,0.0,0.0,0.0,0.0,0.0,0.0,0.0
400,0.0,0.0,0.0,0.0,0.0,0.0,0.0,0.0,0.0,0.0,0.0,0.0,0.0,0.0,0.0,0.0,0.0,0.0,0.0,0.0,0.0,0.0,0.0,0.0
401,4.7063,4.3616,4.1657,4.0096,4.0069,4.2247,4.6642,5.1241,5.0866,4.9498,4.8684,4.8455,4.9131,5.0812,5.3989,5.7472,6.1106,6.3745,6.4109,6.7475,6.4945,6.1203,5.6437,5.0928
402,0.0,0.0,0.0,0.0,0.0,0.0,0.0,0.0,0.0,0.0,0.0,0.0,0.0,0.0,0.0,0.0,0.0,0.0,0.0,0.0,0.0,0.0,0.0,0.0
403,0.0,0.0,0.0,0.0,0.0,0.0,0.0,0.0,0.0,0.0,0.0,0.0,0.0,0.0,0.0,0.0,0.0,0.0,0.0,0.0,0.0,0.0,0.0,0.0
404,0.0,0.0,0.0,0.0,0.0,0.0,0.0,0.0,0.0,0.0,0.0,0.0,0.0,0.0,0.0,0.0,0.0,0.0,0.0,0.0,0.0,0.0,0.0,0.0
405,0.0,0.0,0.0,0.0,0.0,0.0,0.0,0.0,0.0,0.0,0.0,0.0,0.0,0.0,0.0,0.0,0.0,0.0,0.0,0.0,0.0,0.0,0.0,0.0
406,12.4937,11.7846,11.3368,10.9965,10.9817,11.456,12.5386,13.7035,13.7734,13.6931,13.7586,13.8335,14.1021,14.5563,15.3424,16.0937,16.7417,17.1329,16.9665,17.457,16.788,15.8526,14.7023,13.4372
407,0.0,0.0,0.0,0.0,0.0,0.0,0.0,0.0,0.0,0.0,0.0,0.0,0.0,0.0,0.0,0.0,0.0,0.0,0.0,0.0,0.0,0.0,0.0,0.0
408,0.0,0.0,0.0,0.0,0.0,0.0,0.0,0.0,0.0,0.0,0.0,0.0,0.0,0.0,0.0,0.0,0.0,0.0,0.0,0.0,0.0,0.0,0.0,0.0
409,0.0,0.0,0.0,0.0,0.0,0.0,0.0,0.0,0.0,0.0,0.0,0.0,0.0,0.0,0.0,0.0,0.0,0.0,0.0,0.0,0.0,0.0,0.0,0.0
410,0.0,0.0,0.0,0.0,0.0,0.0,0.0,0.0,0.0,0.0,0.0,0.0,0.0,0.0,0.0,0.0,0.0,0.0,0.0,0.0,0.0,0.0,0.0,0.0
411,0.0,0.0,0.0,0.0,0.0,0.0,0.0,0.0,0.0,0.0,0.0,0.0,0.0,0.0,0.0,0.0,0.0,0.0,0.0,0.0,0.0,0.0,0.0,0.0
412,0.0,0.0,0.0,0.0,0.0,0.0,0.0,0.0,0.0,0.0,0.0,0.0,0.0,0.0,0.0,0.0,0.0,0.0,0.0,0.0,0.0,0.0,0.0,0.0
413,0.0,0.0,0.0,0.0,0.0,0.0,0.0,0.0,0.0,0.0,0.0,0.0,0.0,0.0,0.0,0.0,0.0,0.0,0.0,0.0,0.0,0.0,0.0,0.0
414,0.0,0.0,0.0,0.0,0.0,0.0,0.0,0.0,0.0,0.0,0.0,0.0,0.0,0.0,0.0,0.0,0.0,0.0,0.0,0.0,0.0,0.0,0.0,0.0
415,0.0,0.0,0.0,0.0,0.0,0.0,0.0,0.0,0.0,0.0,0.0,0.0,0.0,0.0,0.0,0.0,0.0,0.0,0.0,0.0,0.0,0.0,0.0,0.0
416,0.0,0.0,0.0,0.0,0.0,0.0,0.0,0.0,0.0,0.0,0.0,0.0,0.0,0.0,0.0,0.0,0.0,0.0,0.0,0.0,0.0,0.0,0.0,0.0
417,0.0,0.0,0.0,0.0,0.0,0.0,0.0,0.0,0.0,0.0,0.0,0.0,0.0,0.0,0.0,0.0,0.0,0.0,0.0,0.0,0.0,0.0,0.0,0.0
418,3.4778,3.0198,2.8036,2.615,2.6204,2.8842,3.2919,3.6873,3.492,3.1116,2.7732,2.6223,2.5842,2.7004,2.9919,3.4205,4.0018,4.5026,4.7894,5.4364,5.2467,4.9128,4.4472,3.845
419,0.0,0.0,0.0,0.0,0.0,0.0,0.0,0.0,0.0,0.0,0.0,0.0,0.0,0.0,0.0,0.0,0.0,0.0,0.0,0.0,0.0,0.0,0.0,0.0
420,0.0,0.0,0.0,0.0,0.0,0.0,0.0,0.0,0.0,0.0,0.0,0.0,0.0,0.0,0.0,0.0,0.0,0.0,0.0,0.0,0.0,0.0,0.0,0.0
421,0.0,0.0,0.0,0.0,0.0,0.0,0.0,0.0,0.0,0.0,0.0,0.0,0.0,0.0,0.0,0.0,0.0,0.0,0.0,0.0,0.0,0.0,0.0,0.0
422,0.0,0.0,0.0,0.0,0.0,0.0,0.0,0.0,0.0,0.0,0.0,0.0,0.0,0.0,0.0,0.0,0.0,0.0,0.0,0.0,0.0,0.0,0.0,0.0
423,0.0,0.0,0.0,0.0,0.0,0.0,0.0,0.0,0.0,0.0,0.0,0.0,0.0,0.0,0.0,0.0,0.0,0.0,0.0,0.0,0.0,0.0,0.0,0.0
424,0.0,0.0,0.0,0.0,0.0,0.0,0.0,0.0,0.0,0.0,0.0,0.0,0.0,0.0,0.0,0.0,0.0,0.0,0.0,0.0,0.0,0.0,0.0,0.0
425,0.0,0.0,0.0,0.0,0.0,0.0,0.0,0.0,0.0,0.0,0.0,0.0,0.0,0.0,0.0,0.0,0.0,0.0,0.0,0.0,0.0,0.0,0.0,0.0
426,0.0,0.0,0.0,0.0,0.0,0.0,0.0,0.0,0.0,0.0,0.0,0.0,0.0,0.0,0.0,0.0,0.0,0.0,0.0,0.0,0.0,0.0,0.0,0.0
427,0.0,0.0,0.0,0.0,0.0,0.0,0.0,0.0,0.0,0.0,0.0,0.0,0.0,0.0,0.0,0.0,0.0,0.0,0.0,0.0,0.0,0.0,0.0,0.0
428,0.0,0.0,0.0,0.0,0.0,0.0,0.0,0.0,0.0,0.0,0.0,0.0,0.0,0.0,0.0,0.0,0.0,0.0,0.0,0.0,0.0,0.0,0.0,0.0
429,0.0,0.0,0.0,0.0,0.0,0.0,0.0,0.0,0.0,0.0,0.0,0.0,0.0,0.0,0.0,0.0,0.0,0.0,0.0,0.0,0.0,0.0,0.0,0.0
430,0.0,0.0,0.0,0.0,0.0,0.0,0.0,0.0,0.0,0.0,0.0,0.0,0.0,0.0,0.0,0.0,0.0,0.0,0.0,0.0,0.0,0.0,0.0,0.0
431,2.3682,2.227,2.1397,2.0727,2.0702,2.1635,2.3715,2.5942,2.6018,2.5772,2.5802,2.5899,2.6379,2.7237,2.8746,3.0228,3.1562,3.2406,3.2178,3.3242,3.1973,3.0181,2.7962,2.5498
432,0.0,0.0,0.0,0.0,0.0,0.0,0.0,0.0,0.0,0.0,0.0,0.0,0.0,0.0,0.0,0.0,0.0,0.0,0.0,0.0,0.0,0.0,0.0,0.0
433,0.0,0.0,0.0,0.0,0.0,0.0,0.0,0.0,0.0,0.0,0.0,0.0,0.0,0.0,0.0,0.0,0.0,0.0,0.0,0.0,0.0,0.0,0.0,0.0
434,0.0,0.0,0.0,0.0,0.0,0.0,0.0,0.0,0.0,0.0,0.0,0.0,0.0,0.0,0.0,0.0,0.0,0.0,0.0,0.0,0.0,0.0,0.0,0.0
435,0.0,0.0,0.0,0.0,0.0,0.0,0.0,0.0,0.0,0.0,0.0,0.0,0.0,0.0,0.0,0.0,0.0,0.0,0.0,0.0,0.0,0.0,0.0,0.0
436,0.0,0.0,0.0,0.0,0.0,0.0,0.0,0.0,0.0,0.0,0.0,0.0,0.0,0.0,0.0,0.0,0.0,0.0,0.0,0.0,0.0,0.0,0.0,0.0
437,0.0,0.0,0.0,0.0,0.0,0.0,0.0,0.0,0.0,0.0,0.0,0.0,0.0,0.0,0.0,0.0,0.0,0.0,0.0,0.0,0.0,0.0,0.0,0.0
438,17.1065,16.6135,16.1681,15.8742,15.8368,16.2444,17.5319,18.9963,19.4859,20.0322,20.7758,21.1934,21.7679,22.4087,23.3517,23.9781,24.1302,23.9475,23.1089,22.8447,21.935,20.7891,19.4804,18.2067
439,0.0,0.0,0.0,0.0,0.0,0.0,0.0,0.0,0.0,0.0,0.0,0.0,0.0,0.0,0.0,0.0,0.0,0.0,0.0,0.0,0.0,0.0,0.0,0.0
440,0.0,0.0,0.0,0.0,0.0,0.0,0.0,0.0,0.0,0.0,0.0,0.0,0.0,0.0,0.0,0.0,0.0,0.0,0.0,0.0,0.0,0.0,0.0,0.0
441,0.0,0.0,0.0,0.0,0.0,0.0,0.0,0.0,0.0,0.0,0.0,0.0,0.0,0.0,0.0,0.0,0.0,0.0,0.0,0.0,0.0,0.0,0.0,0.0
442,0.0,0.0,0.0,0.0,0.0,0.0,0.0,0.0,0.0,0.0,0.0,0.0,0.0,0.0,0.0,0.0,0.0,0.0,0.0,0.0,0.0,0.0,0.0,0.0
443,0.0,0.0,0.0,0.0,0.0,0.0,0.0,0.0,0.0,0.0,0.0,0.0,0.0,0.0,0.0,0.0,0.0,0.0,0.0,0.0,0.0,0.0,0.0,0.0
444,0.0,0.0,0.0,0.0,0.0,0.0,0.0,0.0,0.0,0.0,0.0,0.0,0.0,0.0,0.0,0.0,0.0,0.0,0.0,0.0,0.0,0.0,0.0,0.0
445,0.0,0.0,0.0,0.0,0.0,0.0,0.0,0.0,0.0,0.0,0.0,0.0,0.0,0.0,0.0,0.0,0.0,0.0,0.0,0.0,0.0,0.0,0.0,0.0
446,0.0,0.0,0.0,0.0,0.0,0.0,0.0,0.0,0.0,0.0,0.0,0.0,0.0,0.0,0.0,0.0,0.0,0.0,0.0,0.0,0.0,0.0,0.0,0.0
447,0.0,0.0,0.0,0.0,0.0,0.0,0.0,0.0,0.0,0.0,0.0,0.0,0.0,0.0,0.0,0.0,0.0,0.0,0.0,0.0,0.0,0.0,0.0,0.0
448,0.0,0.0,0.0,0.0,0.0,0.0,0.0,0.0,0.0,0.0,0.0,0.0,0.0,0.0,0.0,0.0,0.0,0.0,0.0,0.0,0.0,0.0,0.0,0.0
449,15.5761,14.2425,13.5263,12.9401,12.938,13.7566,15.2898,16.8648,16.5814,15.8637,15.3302,15.1272,15.2674,15.8159,16.9214,18.2366,19.7361,20.8998,21.2671,22.7592,21.9192,20.6262,18.9413,16.9327
450,0.0,0.0,0.0,0.0,0.0,0.0,0.0,0.0,0.0,0.0,0.0,0.0,0.0,0.0,0.0,0.0,0.0,0.0,0.0,0.0,0.0,0.0,0.0,0.0
451,0.0,0.0,0.0,0.0,0.0,0.0,0.0,0.0,0.0,0.0,0.0,0.0,0.0,0.0,0.0,0.0,0.0,0.0,0.0,0.0,0.0,0.0,0.0,0.0
452,0.0,0.0,0.0,0.0,0.0,0.0,0.0,0.0,0.0,0.0,0.0,0.0,0.0,0.0,0.0,0.0,0.0,0.0,0.0,0.0,0.0,0.0,0.0,0.0
453,0.0,0.0,0.0,0.0,0.0,0.0,0.0,0.0,0.0,0.0,0.0,0.0,0.0,0.0,0.0,0.0,0.0,0.0,0.0,0.0,0.0,0.0,0.0,0.0
454,0.0,0.0,0.0,0.0,0.0,0.0,0.0,0.0,0.0,0.0,0.0,0.0,0.0,0.0,0.0,0.0,0.0,0.0,0.0,0.0,0.0,0.0,0.0,0.0
455,0.0,0.0,0.0,0.0,0.0,0.0,0.0,0.0,0.0,0.0,0.0,0.0,0.0,0.0,0.0,0.0,0.0,0.0,0.0,0.0,0.0,0.0,0.0,0.0
456,10.5344,9.6522,9.1747,8.7854,8.7833,9.3269,10.3558,11.4156,11.2402,10.7819,10.4481,10.3238,10.4271,10.7989,11.5411,12.414,13.3978,14.1551,14.3783,15.3488,14.781,13.912,12.7835,11.444
457,0.0,0.0,0.0,0.0,0.0,0.0,0.0,0.0,0.0,0.0,0.0,0.0,0.0,0.0,0.0,0.0,0.0,0.0,0.0,0.0,0.0,0.0,0.0,0.0
458,30.676,29.062,28.007,27.2171,27.1764,28.2765,30.8831,33.7084,33.9848,33.9619,34.2965,34.5642,35.2785,36.3987,38.2935,40.0313,41.427,42.1966,41.6259,42.5816,40.9407,38.6798,35.9261,32.9417
459,0.0,0.0,0.0,0.0,0.0,0.0,0.0,0.0,0.0,0.0,0.0,0.0,0.0,0.0,0.0,0.0,0.0,0.0,0.0,0.0,0.0,0.0,0.0,0.0
460,13.5498,12.4618,11.864,11.3801,11.3757,12.0513,13.3556,14.7061,14.519,13.9936,13.6282,13.4992,13.6523,14.1323,15.0739,16.1573,17.3508,18.2547,18.4821,19.6389,18.9091,17.8046,16.3792,14.701
461,0.0,0.0,0.0,0.0,0.0,0.0,0.0,0.0,0.0,0.0,0.0,0.0,0.0,0.0,0.0,0.0,0.0,0.0,0.0,0.0,0.0,0.0,0.0,0.0
462,0.0,0.0,0.0,0.0,0.0,0.0,0.0,0.0,0.0,0.0,0.0,0.0,0.0,0.0,0.0,0.0,0.0,0.0,0.0,0.0,0.0,0.0,0.0,0.0
463,0.0,0.0,0.0,0.0,0.0,0.0,0.0,0.0,0.0,0.0,0.0,0.0,0.0,0.0,0.0,0.0,0.0,0.0,0.0,0.0,0.0,0.0,0.0,0.0
464,0.0,0.0,0.0,0.0,0.0,0.0,0.0,0.0,0.0,0.0,0.0,0.0,0.0,0.0,0.0,0.0,0.0,0.0,0.0,0.0,0.0,0.0,0.0,0.0
465,0.0,0.0,0.0,0.0,0.0,0.0,0.0,0.0,0.0,0.0,0.0,0.0,0.0,0.0,0.0,0.0,0.0,0.0,0.0,0.0,0.0,0.0,0.0,0.0
466,13.8419,13.224,12.7867,12.47,12.4476,12.8882,14.0194,15.2641,15.4798,15.621,15.923,16.1165,16.4866,16.9965,17.8206,18.5119,18.9719,19.1533,18.7547,18.9698,18.2308,17.2418,16.0607,14.82
467,0.0,0.0,0.0,0.0,0.0,0.0,0.0,0.0,0.0,0.0,0.0,0.0,0.0,0.0,0.0,0.0,0.0,0.0,0.0,0.0,0.0,0.0,0.0,0.0
468,0.0,0.0,0.0,0.0,0.0,0.0,0.0,0.0,0.0,0.0,0.0,0.0,0.0,0.0,0.0,0.0,0.0,0.0,0.0,0.0,0.0,0.0,0.0,0.0
469,4.9652,4.6904,4.5149,4.3821,4.376,4.561,4.9884,5.4494,5.483,5.4606,5.4962,5.5306,5.6403,5.8211,6.1316,6.4243,6.6711,6.8161,6.7411,6.9224,6.6566,6.2868,5.8335,5.3374
470,0.0,0.0,0.0,0.0,0.0,0.0,0.0,0.0,0.0,0.0,0.0,0.0,0.0,0.0,0.0,0.0,0.0,0.0,0.0,0.0,0.0,0.0,0.0,0.0
471,0.0,0.0,0.0,0.0,0.0,0.0,0.0,0.0,0.0,0.0,0.0,0.0,0.0,0.0,0.0,0.0,0.0,0.0,0.0,0.0,0.0,0.0,0.0,0.0
472,3.864,3.4968,3.3063,3.1478,3.1486,3.3701,3.7652,4.1659,4.0656,3.8376,3.6555,3.5812,3.6002,3.7348,4.0192,4.3761,4.804,5.1474,5.285,5.7264,5.5175,5.1865,4.7482,4.2151
473,0.0,0.0,0.0,0.0,0.0,0.0,0.0,0.0,0.0,0.0,0.0,0.0,0.0,0.0,0.0,0.0,0.0,0.0,0.0,0.0,0.0,0.0,0.0,0.0
474,0.0,0.0,0.0,0.0,0.0,0.0,0.0,0.0,0.0,0.0,0.0,0.0,0.0,0.0,0.0,0.0,0.0,0.0,0.0,0.0,0.0,0.0,0.0,0.0
475,34.6405,33.6614,32.7662,32.178,32.1015,32.9173,35.5166,38.4766,39.484,40.6168,42.1488,43.0072,44.179,45.4772,47.3815,48.6336,48.9121,48.513,46.7903,46.2175,44.3757,42.0606,39.4214,36.8605
476,0.0,0.0,0.0,0.0,0.0,0.0,0.0,0.0,0.0,0.0,0.0,0.0,0.0,0.0,0.0,0.0,0.0,0.0,0.0,0.0,0.0,0.0,0.0,0.0
477,11.3222,10.8196,10.4628,10.2048,10.1864,10.5454,11.4695,12.4869,12.6656,12.785,13.0358,13.196,13.4999,13.9171,14.5904,15.1535,15.5254,15.6696,15.3399,15.5104,14.906,14.0978,13.1333,12.1211
478,0.0,0.0,0.0,0.0,0.0,0.0,0.0,0.0,0.0,0.0,0.0,0.0,0.0,0.0,0.0,0.0,0.0,0.0,0.0,0.0,0.0,0.0,0.0,0.0
479,0.0,0.0,0.0,0.0,0.0,0.0,0.0,0.0,0.0,0.0,0.0,0.0,0.0,0.0,0.0,0.0,0.0,0.0,0.0,0.0,0.0,0.0,0.0,0.0
480,0.0,0.0,0.0,0.0,0.0,0.0,0.0,0.0,0.0,0.0,0.0,0.0,0.0,0.0,0.0,0.0,0.0,0.0,0.0,0.0,0.0,0.0,0.0,0.0
481,9.6638,8.833,8.3874,8.0225,8.0213,8.5309,9.4836,10.4617,10.283,9.833,9.4973,9.3691,9.4545,9.7948,10.4816,11.3005,12.2361,12.9633,13.1956,14.128,13.6068,12.8036,11.7564,10.5069
482,0.0,0.0,0.0,0.0,0.0,0.0,0.0,0.0,0.0,0.0,0.0,0.0,0.0,0.0,0.0,0.0,0.0,0.0,0.0,0.0,0.0,0.0,0.0,0.0
483,0.0,0.0,0.0,0.0,0.0,0.0,0.0,0.0,0.0,0.0,0.0,0.0,0.0,0.0,0.0,0.0,0.0,0.0,0.0,0.0,0.0,0.0,0.0,0.0
484,0.0,0.0,0.0,0.0,0.0,0.0,0.0,0.0,0.0,0.0,0.0,0.0,0.0,0.0,0.0,0.0,0.0,0.0,0.0,0.0,0.0,0.0,0.0,0.0
485,0.0,0.0,0.0,0.0,0.0,0.0,0.0,0.0,0.0,0.0,0.0,0.0,0.0,0.0,0.0,0.0,0.0,0.0,0.0,0.0,0.0,0.0,0.0,0.0
486,17.4929,16.3338,15.6483,15.1119,15.0973,15.8454,17.4291,19.1055,19.0663,18.7254,18.5895,18.5849,18.8888,19.5182,20.6653,21.8572,23.0204,23.8182,23.7978,24.8103,23.8715,22.5148,20.8115,18.8806
487,0.0,0.0,0.0,0.0,0.0,0.0,0.0,0.0,0.0,0.0,0.0,0.0,0.0,0.0,0.0,0.0,0.0,0.0,0.0,0.0,0.0,0.0,0.0,0.0
488,1.8617,1.6974,1.6101,1.5383,1.5382,1.6385,1.8238,2.0133,1.9755,1.883,1.8126,1.7851,1.7997,1.8651,1.9986,2.1599,2.3466,2.493,2.5431,2.731,2.6305,2.4746,2.2705,2.0258
489,0.0,0.0,0.0,0.0,0.0,0.0,0.0,0.0,0.0,0.0,0.0,0.0,0.0,0.0,0.0,0.0,0.0,0.0,0.0,0.0,0.0,0.0,0.0,0.0
